fid,CMAUID,CMAPUID,CMANAME,CMATYPE,PRUID,PRNAME,F_20_to_24sum,F_5_to_9sum,M_15_to_19sum,M_10_to_14sum,F_10_to_14sum,M_35_to_39sum,M_20_to_24sum,F_1_to_4sum,F_30_to_34sum,M_30_to_34sum,F_15_to_19sum,M_25_to_29sum,M_0_to_1sum,F_25_to_29sum,M_1_to_4sum,M_5_to_9sum,F_35_to_39sum,F_0_to_1sum,Area
"1","512","35512",Brockville,D,"35",Ontario,1298.68109470201,1045.37219444592,1191.36280830872,1069.9217524501,1017.3745188762,1229.71023598501,1357.31651748142,796.303781005925,1377.71190302336,1246.94492943042,1096.44546411392,1280.70740396114,193.446516516733,1320.58266625434,833.591193622909,1124.85996837419,1341.9152851557,185.738186046614,90183.8116599233
"2","442","24442",Trois-Rivières,B,"24",Quebec / Québec,5065.68661673966,4015.81856031093,4385.14423957775,3786.84095133983,3770.07467024661,5042.78680152657,5093.83174742528,3356.4894205649,5773.75516247241,5779.72631846722,4124.44896036981,5337.37668680595,841.562893107971,5366.59178777611,3424.22989057893,4062.95213401037,5182.35734820725,791.122369716748,105280.205359739
"3","444","24444",Shawinigan,D,"24",Quebec / Québec,1699.25344235857,1347.08165778378,1470.96968524006,1270.27252314136,1264.64837916101,1691.57183927159,1708.69455513144,1125.91374786529,1936.77068541629,1938.77367341414,1383.52105649871,1790.39020942799,282.297100476132,1800.19023375649,1148.63687236322,1362.89232371414,1738.38992362433,265.377136946793,91496.1276763721
"4","447","24447",Drummondville,K,"24",Quebec / Québec,3111.48164083545,2466.62430824684,2693.47412158512,2325.9800709148,2315.68176726966,3097.41595696285,3128.76914528963,2061.64652749223,3546.39648471637,3550.06413034102,2533.34803665504,3278.36102775814,516.910676411758,3296.30573298899,2103.25455481857,2495.57502083249,3183.14395921905,485.928743887476,103646.35369619
"5","450","24450",Granby,K,"24",Quebec / Québec,2787.76063257518,2209.99476366432,2413.242944678,2083.98326550269,2074.75640301594,2775.15835618963,2803.24953170996,1847.1511936636,3177.42659063973,3180.71265248366,2269.7765016764,2937.27775401834,463.1308809141,2953.35547746602,1884.43028895955,2235.93342616151,2851.96714621735,435.372332750119,50394.9006084624
"6","454","24454",Sorel-Tracy,D,"24",Quebec / Québec,1350.02078636788,1070.22777951193,1168.65418746907,1009.20455406302,1004.73628902252,1343.91791624104,1357.52155121765,894.514571355336,1538.72319556426,1540.31452689876,1099.17810856547,1422.42701345435,224.279053663762,1430.2129261028,912.567611250211,1082.78901853772,1381.11389037108,210.8365015116,17513.6345816691
"7","456","24456",Joliette,D,"24",Quebec / Québec,1641.54066970943,1301.32990829985,1421.01025284864,1227.12949132186,1221.69636160263,1634.11996480469,1650.66112965139,1087.6736591292,1870.99097365165,1872.92593230143,1336.5316945021,1729.58210071323,272.709273451514,1739.04928603792,1109.62502448461,1316.60358838491,1679.34793650449,256.363973070127,11117.4777115735
"8","462","24462",Montréal,B,"24",Quebec / Québec,132767.431630119,105251.26342935,114930.982186235,99249.9507695965,98810.5204385873,132167.246484332,133505.092147099,87970.7952286074,151325.31916632,151481.818280658,108098.375792301,139888.202264564,22056.6632694896,140653.905827393,89746.2165368543,106486.595102554,135825.274459938,20734.6591216859,463823.872043938
"9","465","24465",Salaberry-de-Valleyfield,D,"24",Quebec / Québec,1290.63062528463,1023.14628256945,1117.24271461025,964.807593223428,960.535895400619,1284.79623439288,1297.80141639316,855.163054606066,1471.03163096766,1472.5529562523,1050.82302695341,1359.85155443413,214.412561683445,1367.29494936313,872.421905488023,1035.15492568185,1320.35587784138,201.561375014708,10713.3779919323
"10","568","35568",Barrie,B,"35",Ontario,6645.27025770451,5349.10439859907,6096.12927505161,5474.72295222038,5205.84203590617,6292.35066523754,6945.30406225609,4074.63684030456,7049.66598244184,6380.53952352982,5610.44313735701,6553.30000183087,989.853774080639,6757.3392415004,4265.43420791951,5755.83837467069,6866.49691969302,950.410727173613,96767.6104952436
"11","571","35571",Midland,D,"35",Ontario,1258.21089625105,1012.7957453581,1154.23692149596,1036.58027499597,985.670548215337,1191.38934428607,1315.01908997939,771.488934702549,1334.77890529227,1208.08696112508,1062.27744185642,1240.79731202897,187.418232162602,1279.42996049094,807.614377562939,1089.80647679002,1300.0977995004,179.950113049815,20313.4076390701
"12","575","35575",North Bay,K,"35",Ontario,2440.27212175107,1964.29487965741,2238.61690295531,2010.42444928872,1911.68616267598,2310.67320371188,2550.45035435741,1496.28567452195,2588.7740746878,2343.05786165227,2060.26353413398,2406.49886117031,363.493503590217,2481.4260258073,1566.35016804464,2113.65548564404,2521.5108433318,349.009252007736,602365.06527437
"13","580","35580",Greater Sudbury / Grand Sudbury,B,"35",Ontario,5565.53042862124,4479.96878319585,5105.61522086827,4585.17652492653,4359.98403997482,5269.95408110424,5816.81400381281,3412.57984068024,5904.21894246982,5343.8137983941,4698.8445636562,5488.50372542164,829.01990239498,5659.39017376821,3572.37598349218,4820.61562654372,5750.81164059261,795.985659399216,437212.331950456
"14","590","35590",Sault Ste. Marie,K,"35",Ontario,2627.5009703955,2115.00457711966,2410.37383928696,2164.67341644396,2058.3594752104,2487.95862817245,2746.13258088976,1611.08756061902,2787.39667337627,2522.8279871859,2218.33638212879,2591.13646977539,391.382389198039,2671.81239003071,1686.52772388473,2275.82480966188,2714.9726981512,375.786839827008,83243.1842161174
"15","565","35565",Wasaga Beach,D,"35",Ontario,623.094245686078,501.559160907841,571.604001877331,513.337793776046,488.126154573947,590.002715079727,651.226937133929,382.058618188214,661.012440386162,598.271749696682,526.06360594896,614.470648274383,92.8137107049375,633.602402440645,399.948746853749,539.696601593437,643.837580070442,89.1153306000616,6019.27303820466
"16","569","35569",Orillia,D,"35",Ontario,1086.80922651362,874.826122599155,996.999262690755,895.37056998337,851.396096722168,1029.0905411066,1135.87864059181,666.391695507933,1152.94664289086,1043.51350077843,917.567101601828,1071.76783389501,161.886902099134,1105.13769260531,697.595894772214,941.345952592997,1122.99002344078,155.436138675424,7975.75890628359
"17","452","24452",Saint-Hyacinthe,D,"24",Quebec / Québec,1905.45190221517,1510.54530591822,1649.4667111734,1424.41565210014,1418.1090341405,1896.83816588341,1916.03866358342,1262.53944457021,2171.79103558576,2174.03707745015,1551.40649808985,2007.64779629088,316.552866694914,2018.63702252385,1288.01993933851,1528.2745406699,1949.33745961594,297.579724221937,33163.6505603679
"18","468","24468",Lachute,D,"24",Quebec / Québec,432.54558216831,342.900125962457,374.435868574878,323.34833354213,321.916704900923,430.590227042074,434.948820764293,286.601754281905,493.005682190291,493.515544522521,352.175787918433,455.744478210709,71.8588296463963,458.239079593091,292.38593399664,346.924736779805,442.50778744564,67.5518467370875,11184.991481744
"19","001","10001",St. John's,B,"10",Newfoundland and Labrador / Terre-Neuve-et-Labrador,6611.22269593156,4416.93747611268,5951.02221634627,4753.72830921927,4774.05806988554,6631.4095574054,6413.81778365705,3318.50282537986,6814.17734942107,5880.87836205359,4346.87356891623,5618.7685055373,1009.38950994255,6437.7770848117,4170.54958373667,5065.93998080208,7101.10967790147,849.276424213753,85046.0460492743
"20","005","10005",Bay Roberts,D,"10",Newfoundland and Labrador / Terre-Neuve-et-Labrador,358.975293918986,239.830286118697,323.127815683052,258.117309997884,259.221172438585,360.07139811165,348.256627796,180.187626867173,369.995298987356,319.319153995086,236.025965092878,305.087147829014,54.8076978738081,349.557567322001,226.451948945571,275.069738065533,385.575112328021,46.1138987358245,11099.7780597849
"21","011","10011",Gander,D,"10",Newfoundland and Labrador / Terre-Neuve-et-Labrador,416.637321396012,278.354108935489,375.03167992349,299.578568477548,300.859744354392,417.909492184547,404.19692244036,209.131078145968,429.42746519258,370.61123537996,273.938702053276,354.09314932767,63.6114318510576,405.706830471636,262.826815752411,319.254056984005,447.509855579456,53.5211519842267,265328.153588646
"22","015","10015",Corner Brook,D,"10",Newfoundland and Labrador / Terre-Neuve-et-Labrador,993.901131565995,664.022278770247,894.649597666586,714.653879333814,717.710163681332,996.935933674779,964.224176434886,498.888611990422,1024.41241198725,884.104489403005,653.48918978839,844.700085852702,151.747025196496,967.826108788308,626.981444653948,761.59036127771,1067.54851133133,127.676352593503,131175.880535717
"23","105","11105",Charlottetown,D,"11",Prince Edward Island / Île-du-Prince-Édouard,2197.16171331806,2369.32078761923,2156.82662736287,2051.13526651336,2033.81086170802,2307.4547678965,2663.32851738249,1942.04726282,2423.52731689578,2253.07562455564,2302.62231229826,2211.56573293628,495.851056182808,2614.32940204527,1573.25875969341,2262.21538860966,2352.51892319338,397.48037859845,98732.8638066915
"24","110","11110",Summerside,D,"11",Prince Edward Island / Île-du-Prince-Édouard,514.0826168973,554.363669326296,504.645182523731,479.915965201246,475.862474011286,539.888519401633,623.154355738079,454.392014476383,567.046683530556,527.165116800199,538.757842150051,517.452807835827,116.017135402442,611.689748790901,368.104438555805,529.303600497282,550.432439855969,93.0007798030674,9269.06849098376
"25","205","12205",Halifax,B,"12",Nova Scotia / Nouvelle-Écosse,13731.8108957784,9037.71170728592,11957.0166303854,9525.16181359458,9786.23227335026,12060.7378774558,13401.9161980298,7067.01565471305,13573.9344872045,10847.7564455577,10763.2480398222,11736.5984238112,1541.33243495703,11829.8129527469,7834.77550287791,10586.6580331649,13162.967918008,1685.23434823689,596313.409304491
"26","210","12210",Kentville,D,"12",Nova Scotia / Nouvelle-Écosse,900.115545986377,592.418935903064,783.778384104698,624.371125971506,641.484205767036,790.577276359832,878.491059760883,463.24047876119,889.766800674784,711.066754922915,705.527257576963,769.330045066588,101.033818221071,775.440225245638,513.566876087571,693.951842193605,862.828081450542,110.466539860623,64072.1152466051
"27","215","12215",Truro,D,"12",Nova Scotia / Nouvelle-Écosse,1582.10893452049,1041.27886236314,1377.62622827327,1097.44036724057,1127.51956989127,1389.576458166,1544.10015677652,814.225355149542,1563.91922263389,1249.82294800213,1240.08632337846,1352.23076922355,177.584430321745,1362.9704698921,902.682712949778,1219.74052704513,1516.56975869116,194.164071927401,276487.695174109
"28","220","12220",New Glasgow,D,"12",Nova Scotia / Nouvelle-Écosse,1182.42590279974,778.223972690547,1029.60099775305,820.197579320937,842.677970189869,1038.53228020824,1154.01915904133,608.530254208963,1168.83139906076,934.084245423801,926.807351850224,1010.62111208872,132.721853721513,1018.64767640024,674.640917659635,911.601447859777,1133.44367701856,145.113034388159,211979.622495682
"29","225","12225",Cape Breton,D,"12",Nova Scotia / Nouvelle-Écosse,3260.60708682191,2145.99713473518,2839.18366623996,2261.74175968297,2323.732723955,2863.8121900592,3182.2738660662,1678.0569961439,3223.11946692993,2575.79075487282,2555.72430457938,2786.84554432871,365.988106104057,2808.9792568427,1860.36093424777,2513.79315338707,3125.53579563446,400.1574960997,259600.477412169
"30","305","13305",Moncton,B,"13",New Brunswick / Nouveau-Brunswick,4430.18109831192,3878.74012272295,4533.04736887734,3564.37348184229,3472.00261953937,4464.98672744629,5035.58212779008,2829.55480365608,5228.78118432199,4874.25254803107,4180.31070297867,4156.88738475944,526.850678423882,4555.61701497334,2936.73382113995,3687.69283144773,4937.2439817023,638.181786781882,262511.940209594
"31","310","13310",Saint John,B,"13",New Brunswick / Nouveau-Brunswick,3950.24169067248,3458.54054153385,4041.96403900589,3178.23050922346,3095.86655398224,3981.27668669069,4490.05718224063,2523.0177047152,4662.32620330916,4346.20508740015,3727.44076343469,3706.55498931301,469.774816746397,4062.08862755379,2618.58558624174,3288.19017559637,4402.37240400387,569.044976679855,379342.336149932
"32","320","13320",Fredericton,K,"13",New Brunswick / Nouveau-Brunswick,3132.32345608998,2742.43160540448,3205.05421121993,2520.16123391773,2454.8511667718,3156.93249329844,3560.36732336362,2000.6136738882,3696.96714064512,3446.30055548804,2955.65462732306,2939.0933629785,372.505480230403,3221.0118998352,2076.39372396457,2607.35317347549,3490.83813632843,451.221233479702,588174.354710128
"33","328","13328",Bathurst,D,"13",New Brunswick / Nouveau-Brunswick,915.827594639243,801.831156841415,937.092586522622,736.843826567968,717.748493560153,923.0227760371,1040.97890640248,584.938699744711,1080.91791127229,1007.62810543752,864.173227033655,859.331050354776,108.913017083941,941.758289900705,607.095243071595,762.336974701527,1020.64998697756,131.927900451,211816.900744193
"34","329","13329",Miramichi,D,"13",New Brunswick / Nouveau-Brunswick,807.540085895135,707.022593658766,826.290704215339,649.719368637829,632.881868566393,813.884508166993,917.893498583302,515.775513256669,953.110112819035,888.486099064038,761.993333406063,757.723696616218,96.0351354925407,830.404734357734,535.312265785005,672.198205166838,899.968272512292,116.328737659249,770496.878375501
"35","010","10010",Grand Falls-Windsor,D,"10",Newfoundland and Labrador / Terre-Neuve-et-Labrador,450.864035972303,301.220871140547,405.840495694192,324.188917484604,325.575341816693,452.240714903164,437.40165820867,226.311174799479,464.704888449887,401.056911571512,296.442738385402,383.181865065482,68.83710464656,439.035605402634,284.41801251379,345.480745248951,484.272745592611,57.9179093008497,5764.19956794255
"36","330","13330",Campbellton (New Brunswick part / partie du Nouveau-Brunswick),D,"13",New Brunswick / Nouveau-Brunswick,400.336318166822,350.504980599788,409.631897671668,322.097025387012,313.749869955573,403.481552350754,455.04379265884,255.694637707109,472.502355512705,440.465135668129,377.756610557689,375.639946200547,47.6092186594049,411.671419532844,265.37994245689,333.240862233652,446.157399016926,57.6697297284434,122527.447933391
"37","335","13335",Edmundston,D,"13",New Brunswick / Nouveau-Brunswick,689.983436172609,604.098649738304,706.004448375954,555.137272277587,540.750871592158,695.404277281169,784.272280293153,440.692131547158,814.362285311011,759.145835761537,651.067089983226,647.419011439961,82.0549416178732,709.519592984752,457.384845379062,574.343781664743,768.956499085312,99.3943260889568,178588.493978551
"38","330","24330",Campbellton (partie du Québec / Quebec part),D,"24",Quebec / Québec,111.173066419514,88.1323495249662,96.2376808008412,83.1071388679256,82.7391809811579,110.670500323712,111.790747790561,73.6625159496043,126.71254958628,126.843594111856,90.5163845984398,117.135657444347,18.4691897870662,117.776820827402,75.1491685238016,89.1667571395246,113.733557238985,17.3622070450429,45635.3103738842
"39","403","24403",Matane,D,"24",Quebec / Québec,569.578871770128,451.533144373353,493.059618301799,425.787214996491,423.902037475942,567.004047406203,572.743471767219,377.399077993846,649.193130008991,649.864518683316,463.747398011255,600.127331349271,94.6241802333785,603.412237551356,385.015723691769,456.832778621765,582.697169318531,88.9527168158289,66872.415495118
"40","404","24404",Rimouski,D,"24",Quebec / Québec,1777.12003135922,1408.81032554256,1538.37540028595,1328.481492508,1322.59962435181,1769.086427046,1786.99377422085,1177.50762074771,2025.52126374605,2027.61603570329,1446.91952543995,1872.43304623808,295.233082817658,1882.68215041187,1201.2720072096,1425.34550013302,1818.04989979098,277.537778924028,91898.4921101791
"41","405","24405",Rivière-du-Loup,D,"24",Quebec / Québec,956.499967413472,758.264498858486,828.000356067487,715.029081229741,711.863281774723,952.176036692077,961.81431390395,633.77035863759,1090.19705365616,1091.32452370053,778.776026552401,1007.80032684365,158.903410596665,1013.3167044223,646.561073544654,767.164232499664,978.529665202193,149.379260558901,54911.8383470797
"42","406","24406",Baie-Comeau,D,"24",Quebec / Québec,874.607015146746,693.343933971646,757.109195424339,653.810215550895,650.915463393697,870.653287964136,879.466362272886,579.50864646181,996.857316885434,997.888255376088,712.099320092375,921.515175512948,145.29852830591,926.559256148384,591.204255628035,701.481696236981,894.750590878351,136.58981041107,76384.8228419038
"43","408","24408",Saguenay,B,"24",Quebec / Québec,5145.40503204426,4079.01526618083,4454.15300006547,3846.43424909387,3829.40411649286,5122.144842957,5173.99308544014,3409.31030024348,5864.61641251423,5870.68153947596,4189.35517464942,5421.37066768839,854.806519741311,5451.04553431024,3478.11679946706,4126.89057827298,5263.91180639092,803.57221742805,307879.784459812
"44","411","24411",Dolbeau-Mistassini,D,"24",Quebec / Québec,499.254266501722,395.783376576042,432.182671481539,373.21623788532,371.563818977463,496.997350452093,502.028141364609,330.802474330278,569.038734136964,569.627228766469,406.48956340133,526.030977781223,82.9411484260393,528.910304083536,337.478710005124,400.428676520724,510.752878250031,77.9699275691259,80392.1995368919
"45","412","24412",Sept-Îles,D,"24",Quebec / Québec,924.537502346318,732.926282447437,800.331843140729,691.135623473453,688.075611665238,920.35806114815,929.674265673388,612.592247382371,1053.76695816201,1054.85675299874,752.752397177287,974.123604569125,153.593483832071,979.455647921753,624.955547579035,741.528621628168,945.831055286327,144.387593464992,186086.935510552
"46","421","24421",Québec,B,"24",Quebec / Québec,26191.407750821,20763.215220146,22672.7607910379,19579.3192589522,19492.6315917605,26073.0075229462,26336.9281408509,17354.2482465989,29852.374848233,29883.2478729595,21324.8731545025,27596.1423768363,4351.18051361397,27747.1948909672,17704.4906494966,21006.9126048528,26794.6370802498,4090.38500971357,347539.049918161
"47","423","24423",Sainte-Marie,D,"24",Quebec / Québec,463.338674844694,367.311322687543,401.092107090575,346.367630004803,344.834082921734,461.244117367722,465.913000239088,307.005046990453,528.102953668669,528.649111907042,377.247322653748,488.189109161453,76.9744883514268,490.861301407145,313.201004639726,371.622446979163,474.010092598299,72.3608897071899,10940.8260182194
"48","430","24430",Thetford Mines,D,"24",Quebec / Québec,923.143734819844,731.821376117685,799.125319643107,690.0937167517,687.038317970892,918.970595285324,928.272754056765,611.668746492497,1052.17837444653,1053.26652592653,751.617600729584,972.655085661575,153.36193713598,977.979090840844,624.013409394189,740.41074605504,944.405188382257,144.169925058031,52811.6948412639
"49","433","24433",Sherbrooke,B,"24",Quebec / Québec,6808.38449532276,5397.34075627861,5893.72188250118,5089.5902560428,5067.05603350982,6777.60668057193,6846.21211980749,4511.18915663754,7760.04283735657,7768.06819430178,5543.34219462563,7173.54140219553,1131.07742131683,7212.80708862709,4602.23370751905,5460.68922456645,6965.19229700295,1063.28434571356,150636.485141945
"50","410","24410",Alma,D,"24",Quebec / Québec,1089.41779864869,863.634991602477,943.061532832508,814.391463230466,810.78573461534,1084.49300354018,1095.47064381345,721.840807519438,1241.69379432828,1242.97794168867,886.996857595957,1147.84699425884,180.985059449406,1154.12994468401,736.408956736152,873.771456365313,1114.50880394993,170.137407926375,38263.1634545872
"51","485","24485",Rouyn-Noranda,D,"24",Quebec / Québec,1353.79830753923,1073.22240732931,1171.92422911277,1012.02844076543,1007.54766815487,1347.67835527433,1361.32006404958,897.017524635966,1543.02871800946,1544.62449032834,1102.25374436265,1426.40712507495,224.906611262704,1434.21482756427,915.12108108125,1085.81880005086,1384.97841398499,211.426445905064,648332.773198465
"52","428","24428",Saint-Georges,D,"24",Quebec / Québec,1028.30713255211,815.189566344587,890.160690637262,768.708342745214,765.304876637527,1023.65859247032,1034.02044225348,681.34929660996,1172.04123809401,1173.25335048356,837.240951817847,1083.45875669839,170.832740321966,1089.38926376056,695.10024708128,824.757427423065,1051.99066399083,160.593585395802,20223.6641137063
"53","437","24437",Cowansville,D,"24",Quebec / Québec,423.298593902975,335.569583420802,366.431153043457,316.435770745455,315.03474756053,421.3850397645,425.650455482362,280.474762297425,482.466173213885,482.965134626211,344.646950079732,446.001541751975,70.3226267359914,448.442812745292,286.135287468773,339.508156023257,433.047825294816,66.1077188874988,4839.20271517161
"54","440","24440",Victoriaville,D,"24",Quebec / Québec,1556.91499420872,1234.2429780856,1347.75349104888,1163.86778498773,1158.71474576064,1549.87684493515,1565.56527008205,1031.60126269165,1774.53653647251,1776.37174530604,1267.63002167131,1640.41766295039,258.650403525668,1649.39678647705,1052.42097873444,1248.72926041042,1592.77319542776,243.14774550573,15557.6300079897
"55","480","24480",Val-d'Or,D,"24",Quebec / Québec,1094.42791719017,867.606759965649,947.398575196512,818.136765116751,814.51445499916,1089.48047441061,1100.50859837668,725.160478373894,1247.40421450389,1248.69427066009,891.076063386364,1153.12582301648,181.817391151714,1159.43766788849,739.795624269699,877.78983934763,1119.63431584315,170.919852451853,398165.27660463
"56","502","24502",Hawkesbury (partie du Québec / Quebec part),D,"24",Quebec / Québec,53.8752178756404,42.7095309637953,46.6374290763633,40.2742799099651,40.0959650760051,53.6316707481164,54.1745503704296,35.6973520872998,61.4057559918147,61.4692613566294,43.8648505822057,56.764729526476,8.95029395537858,57.0754417940043,36.4177938384819,43.21081175789,55.1160487377783,8.41384260015911,440.056277396285
"57","505","24505",Ottawa - Gatineau (partie du Québec / Quebec part),B,"24",Quebec / Québec,11198.3940788727,8877.5169507592,9693.96194927335,8371.33058403242,8334.266419942,11147.7708949491,11260.6127522329,7419.97958448082,12763.6765802278,12776.8766408035,9117.65932765635,11799.0021835231,1860.39003850411,11863.5861736029,7569.72916964507,8981.71216663723,11456.3107123152,1748.88435383878,340901.576697793
"58","501","35501",Cornwall,D,"35",Ontario,1993.84377054241,1604.94277698336,1829.07976809556,1642.63330853533,1561.95840478957,1887.95394446373,2083.86577397851,1222.55212617103,2115.17847737101,1914.41408801921,1683.35472779543,1966.24905837767,296.995262065924,2027.46889965798,1279.79887933799,1726.97904762813,2060.22051457399,285.160789160256,51025.3713388235
"59","502","35502",Hawkesbury (Ontario part / partie de l'Ontario),D,"35",Ontario,378.616286493372,304.76684371382,347.328812567168,311.923999086022,296.604428011691,358.508586323005,395.710803815164,232.153668286453,401.65685605153,363.533173317555,319.656698122155,373.376253264025,56.3972187453182,385.001451123971,243.024405745789,327.940635004314,391.220743395854,54.1499394060811,1344.93155736624
"60","505","35505",Ottawa - Gatineau (Ontario part / partie de l'Ontario),B,"35",Ontario,34199.7381991864,27529.04894239,31373.5961339645,28175.5420742122,26791.7523018069,32383.4452265377,35743.8556212911,20970.0294875853,36280.9519704715,32837.3072689033,28874.0230402271,33726.4152872983,5094.26082503345,34776.4987970866,21951.9639701354,29622.2964746336,35338.2763715483,4891.26804826636,375994.701488189
"61","509","35509",Carleton Place,D,"35",Ontario,1010.21820410823,813.174247066956,926.737442276055,832.270859033568,791.395411935642,956.567142062355,1055.82953261261,619.428879300422,1071.69469835212,969.973669856401,852.903127670172,996.236826987271,150.478199057869,1027.25500208856,648.434016269814,875.006204486039,1043.84921986868,144.482042317246,79312.2148854507
"62","610","46610",Brandon,D,"46",Manitoba,1981.92826335784,1739.87856210774,1844.09646401758,1803.59307088564,1703.82823624323,1835.40838978262,2120.36003092036,1386.10505438449,2105.44352878814,2041.57716968029,1771.42949978935,2068.34667242055,406.263397897606,2118.00636196129,1565.65429505577,1978.3682083815,1965.07243708507,304.468595468519,232418.398003818
"63","640","46640",Thompson,D,"46",Manitoba,450.717513251869,395.672109537855,419.372682062702,410.161658316403,387.473773450752,417.396895223086,482.198785027843,315.219190125182,478.806569139205,464.282486329261,402.847223419894,470.370237372805,92.3898364674558,481.663528121422,356.051136050273,449.907908105035,446.884268409762,69.240310281295,2243.11500130248
"64","705","47705",Regina,B,"47",Saskatchewan,7996.76705355619,6515.99762238266,7515.4753865615,6196.05117666814,7092.65565343771,6991.1293230009,8485.31857797809,5021.83978311848,7263.48088289716,7653.36934383903,6594.5574786225,8184.36100957649,1505.35018845458,7902.38553595113,5354.10361994409,7511.31271008659,7656.3765294344,1162.57978910408,440886.411545945
"65","710","47710",Yorkton,D,"47",Saskatchewan,651.047300346371,530.492214869983,611.863510494851,504.444153995855,577.440143981587,569.174497001095,690.822142755345,408.847127324936,591.347677511766,623.08998360746,536.888071127882,666.320038671097,122.556299147527,643.363340833942,435.897992742936,611.524610739101,623.334809678014,94.6500540591715,87070.4284204707
"66","715","47715",Moose Jaw,D,"47",Saskatchewan,1237.37341050059,1008.24772835606,1162.90112665609,958.741067643928,1097.47645229367,1081.76685502713,1312.9690433489,777.050398364442,1123.90895586067,1184.23804022701,1020.40362435064,1266.40061274421,232.929168258728,1222.76936210988,828.462979118409,1162.25701891782,1184.70335343619,179.890862145445,85442.7353854415
"67","720","47720",Swift Current,D,"47",Saskatchewan,631.350389010066,514.442599442426,593.352073302282,489.182602397208,559.970156967857,551.954581558272,669.921874331782,396.477786282361,573.456929294468,604.238897824861,520.64495566858,646.161063807387,118.848457114357,623.898901290756,422.71025059166,593.023426098041,604.476317013457,91.7864926615187,114035.905956561
"68","725","47725",Saskatoon,B,"47",Saskatchewan,10198.5627323024,8310.08457494204,9584.75427483201,7902.04543816196,9045.51716445518,8916.03700255779,10821.6299427365,6404.53169951664,9263.37668164027,9760.61536367881,8410.27476557818,10437.8080122688,1919.82687821903,10078.1946103712,6828.27964106019,9579.4454646372,9764.45053323193,1482.67954200752,621850.525016128
"69","735","47735",North Battleford,D,"47",Saskatchewan,676.506360496163,551.236994399128,635.790298376688,524.170330226916,600.020812058453,591.431940285186,717.83659001066,424.835003218908,614.472196475458,647.455779700063,557.882960093702,692.376336634056,127.348836213788,668.521921057317,452.943686704932,635.438144518981,647.710179089043,98.3513234001487,90121.0251065159
"70","745","47745",Prince Albert,D,"47",Saskatchewan,1623.30003434542,1322.71192990747,1525.60045631007,1257.76454777757,1439.77036046905,1419.16106834529,1722.47332741986,1019.40604831327,1474.44694885987,1553.59217697464,1338.65915188273,1661.38058533794,305.577866405817,1604.14110349161,1086.85379317476,1524.75545353981,1554.20261845691,235.997347431525,266580.26490214
"71","750","47750",Estevan,D,"47",Saskatchewan,488.667581132161,398.180511220162,459.256741689233,378.629178848447,433.419013127019,427.214926794097,518.52205733738,306.875301319586,443.857824578415,467.683183895937,402.981158625659,500.131099053809,91.989153943886,482.900101527999,327.179327208818,459.002367705168,467.866948315716,71.0430915989129,84744.9729834401
"72","840","47840",Lloydminster (Saskatchewan part / partie de la Saskatchewan),D,"47",Saskatchewan,485.242102750641,395.411533372575,455.981586786843,375.969843548904,430.292907273018,424.339235837698,514.900062666213,304.762180690103,440.873500632508,464.528010504384,400.131704928618,496.692260891714,91.3446831149404,479.5961413846,324.916085764215,455.742245234828,464.646669266553,70.5637018616632,107296.023554543
"73","805","48805",Medicine Hat,K,"48",Alberta,2750.05500317275,2348.26763616207,2314.29954273822,2105.59704638334,2013.693837866,2980.18869354445,2979.81002138507,1911.00905181026,3112.71330153176,3228.22304319497,2148.67788972138,3138.80447613427,519.415918595417,3110.0309252763,1987.55540806438,2376.98665675742,2920.41384908731,489.872109907193,1363095.85551947
"74","806","48806",Brooks,D,"48",Alberta,921.353840835654,786.742742612846,775.361855223909,705.440373750401,674.649393458714,998.456571485019,998.328995313785,640.24764142652,1042.85648522644,1081.55581053937,719.873665240986,1051.59743767924,174.020467885366,1041.95749944589,665.892996174737,796.364073301504,978.429743117988,164.122496467101,622347.921283134
"75","810","48810",Lethbridge,B,"48",Alberta,4167.75584174547,3558.84082049656,3507.35923055543,3191.06852316859,3051.78512220957,4516.53102274318,4515.95392666861,2896.16836583907,4717.37459638844,4892.43149277586,3256.35769782912,4756.91440916042,787.183804570403,4713.30801991829,3012.17545355394,3602.3630327259,4425.93940844569,742.410203949924,304669.698682954
"76","825","48825",Calgary,B,"48",Alberta,49090.417619595,41918.2381966121,41311.856042156,37586.3875928853,35945.8211781771,53198.5084002922,53191.7110093814,34112.8703222681,55564.1688076507,57626.0976493054,38355.4040639812,56029.8932607958,9271.9399046483,55516.2700903894,35479.27389616,42430.8698554168,52131.4640651422,8744.56862510822,524170.103890235
"77","521","35521",Kingston,B,"35",Ontario,5577.85161227361,4489.88670890248,5116.91822674146,4595.32736049655,4369.63633761546,5281.62090287277,5829.69149053423,3420.13473904004,5917.2899301632,5355.64413321794,4709.24704187748,5500.65438288717,830.855218158196,5671.91914297422,3580.28464548178,4831.28768546952,5763.54300159379,797.747842716849,214232.835922322
"78","522","35522",Belleville,B,"35",Ontario,3535.18114479967,2845.6409253071,3243.04662248921,2912.46805656707,2769.42756064112,3347.43337027507,3694.79449430491,2167.64386917748,3750.31342570736,3394.34848369377,2984.66909942932,3486.25438890805,526.58692029204,3594.80011170455,2269.14512197881,3062.01712395596,3652.87031048071,505.603828766756,135465.068534542
"79","755","47755",Weyburn,D,"47",Saskatchewan,402.258758160053,327.772098182315,378.048501831014,311.677936854474,356.779539282856,351.672492607002,426.834206484287,252.61196454442,365.372504201747,384.984936423614,331.723868661713,411.695235902051,75.7231383606813,397.511115588772,269.325724267532,377.839107243519,385.136206030322,58.4808710726847,1938.35435522194
"80","820","48820",Okotoks,D,"48",Alberta,985.60394368667,841.605815612711,829.43128667312,754.63387109524,721.695696712253,1068.08339144479,1067.94691762337,684.894958437886,1115.57950878851,1156.97750914982,770.073658510461,1124.93000573356,186.155689590974,1114.61783067574,712.328677868645,851.89808323863,1046.66000215791,175.567488492106,1979.67196285315
"81","821","48821",High River,D,"48",Alberta,523.238822618758,446.792890574412,440.329659345385,400.621101435594,383.134836363661,567.025627421001,566.953177156487,363.598008469777,592.240433774175,614.217864634622,408.817798703709,597.204438607863,98.8265969311142,591.729897102898,378.162061020583,452.256864331979,555.652349018867,93.205517629769,2196.5225305031
"82","826","48826",Strathmore,D,"48",Alberta,459.051439635834,391.983375185317,386.313010396256,351.47562765785,336.134458917995,497.466777474536,497.403213979167,318.994276109066,519.588402853713,538.869790421755,358.666808369911,523.943457250207,86.703221829117,519.14049527835,331.771709188592,396.777067374278,487.488695650685,81.7716982644042,2834.40947764964
"83","528","35528",Port Hope,D,"35",Ontario,553.011355894535,445.146000324018,507.312507250957,455.599824985723,433.223880540974,523.641813917991,577.979806461226,339.086351111191,586.66468036359,530.980784861998,466.894294129248,545.357703129579,82.374434332739,562.337602287473,354.964277640059,478.993910722349,571.421572098045,79.0920317670546,27978.4628088622
"84","529","35529",Peterborough,B,"35",Ontario,4056.91699528612,3265.61173642787,3721.66812180045,3342.30147902,3178.15050786475,3841.46067474883,4240.08670858277,2487.55322345095,4303.79934166126,3895.29969893293,3425.15823195823,4000.76943999368,604.302676022216,4125.33476719955,2604.034429436,3513.92157885906,4191.97519154396,580.222818131295,163698.285040342
"85","530","35530",Kawartha Lakes,D,"35",Ontario,2418.24498521545,1946.56415771972,2218.41000951376,1992.27733763772,1894.43031265716,2289.81589294016,2527.42869509836,1482.77944051582,2565.40648749128,2321.90823247242,2041.66654938551,2384.776579938,360.21242688768,2459.02741679611,1552.21149709647,2094.57655873767,2498.7504050167,345.858917618296,333510.689608255
"86","532","35532",Oshawa,B,"35",Ontario,12978.6742586015,10447.1723320178,11906.1637898557,10692.5140925091,10167.370993682,12289.3977897378,13564.6611164612,7958.04869120804,13768.4871864936,12461.6367613868,10957.5850371184,12799.0499734611,1933.2531562048,13197.5527754422,8330.68920262581,11241.5520401864,13410.7452914602,1856.21814772625,90806.1073537708
"87","527","35527",Cobourg,D,"35",Ontario,631.723014230745,508.504880275053,579.519720395627,520.44662704505,494.885851552848,598.173225015082,660.245294183878,387.349463857419,670.166310425389,606.556770683048,533.348670060448,622.979994904272,94.0990186199742,642.376691318888,405.487338970102,547.170457468594,652.75360750348,90.3494225538143,2238.36724063336
"88","531","35531",Centre Wellington,D,"35",Ontario,933.304060301256,751.26227567055,856.17920504736,768.904944886111,731.141597740188,883.737785569465,975.442717783641,572.267937952976,990.099969316696,896.123591608964,787.966351587325,920.387172515126,139.021365514163,949.04374116606,599.064734503019,808.386585068107,964.37454048451,133.481733191529,41596.3745338357
"89","533","35533",Ingersoll,D,"35",Ontario,419.063153712923,337.324513808839,384.433297853058,345.246254686688,328.290122579769,396.807385312524,437.983845935887,256.954209622054,444.56510384279,402.368739476733,353.805022672765,413.263337616241,62.4220277559416,426.130433640865,268.986247783068,362.973917992305,433.014120192514,59.9346755890747,1285.62417543227
"90","535","35535",Toronto,B,"35",Ontario,204617.97153641,164707.054673398,187709.086053481,168575.040907337,160295.788799887,193751.040933428,213856.468450298,125464.261471467,217069.930625483,196466.509922983,172754.071677714,201786.067604328,30479.1022046367,208068.745990231,131339.20242428,177231.01210085,211429.876715515,29264.5908664238,626993.075390841
"91","537","35537",Hamilton,B,"35",Ontario,25625.9895467778,20627.617546878,23508.3509051099,21112.0372418678,20075.1584911947,24265.0345424422,26783.002410098,15712.920169608,27185.4506702876,24605.1150479046,21635.4116036547,25271.3269517352,3817.14836037337,26058.1583691618,16448.6872858232,22196.0956211884,26479.1003845097,3665.04512749525,140465.639392883
"92","539","35539",St. Catharines - Niagara,B,"35",Ontario,13310.3372601581,10714.1441702877,12210.4193636073,10965.7555046147,10427.1926557302,12603.446701821,13911.2986895405,8161.41232120537,14120.3334310128,12780.087142506,11237.6001951597,13126.122764477,1982.65639370984,13534.8090911635,8543.57545276099,11528.8238179167,13753.4496290779,1903.65279915847,142534.387936508
"93","541","35541",Kitchener - Cambridge - Waterloo,B,"35",Ontario,17705.1169258225,14251.7181691248,16242.0304079824,14586.4060049832,13870.0215944611,16764.8267034042,18504.502557628,10856.1305800544,18782.5559661057,16999.7899187593,14948.0078191999,17460.0788660366,2637.28578801931,18003.7044048576,11364.4755545851,15335.3870503332,18294.5352197146,2532.196948101,110665.049132789
"94","543","35543",Brantford,B,"35",Ontario,4955.24244655931,3988.71801174747,4545.75922242845,4082.38920694741,3881.8901940182,4692.07750603072,5178.97153511446,3038.37355585046,5256.79209131012,4757.83814266455,4183.59297832361,4886.66210570583,738.113762991977,5038.81000562579,3180.64726161434,4292.01124183677,5120.20665596735,708.701888373419,108627.086252252
"95","547","35547",Norfolk,D,"35",Ontario,2148.14981817131,1729.15129045248,1970.63452573999,1769.75873985542,1682.84030464601,2034.06504488692,2245.1387349126,1317.16695433585,2278.87476509035,2062.57297157254,1813.63164204937,2118.41951704808,319.980094363975,2184.37723397004,1378.84410502372,1860.63210202436,2219.66354123573,307.229736820465,161624.98559746
"96","550","35550",Guelph,B,"35",Ontario,4932.92556690904,3970.75406067102,4525.28652510166,4064.00338674867,3864.40735709242,4670.94583752751,5155.64704745427,3024.68966059998,5233.11712246232,4736.41030939895,4164.75136661703,4864.65408958434,734.789527057744,5016.11676054099,3166.32260956592,4272.68134699144,5097.1468264992,705.510114428629,60400.3143490321
"97","553","35553",Stratford,D,"35",Ontario,1050.30991641602,845.446035502442,963.516122166584,865.300520019036,822.802880945368,994.529649205073,1097.73138433611,644.011652551191,1114.22617937906,1008.46823028698,886.751605184472,1035.77367184168,156.450105559764,1068.02283984157,674.167892789828,909.731867185004,1085.27562116189,150.215984317643,2852.72944029801
"98","555","35555",London,B,"35",Ontario,16574.7016325577,13341.7913735496,15205.0285304095,13655.1104667277,12984.4649157517,15694.445948811,17323.0490445798,10163.0012452854,17583.3496229717,15914.407512252,13993.6251581861,16345.3084782383,2468.90349480203,16854.2252567302,10638.8900038411,14356.2714658188,17126.4874568986,2370.52424228376,267786.167443066
"99","556","35556",Chatham-Kent,D,"35",Ontario,3353.5261698251,2699.41791458405,3076.40295554754,2762.81114044223,2627.12076777453,3175.42580127594,3504.93780127052,2056.25967755603,3557.60389727351,3219.93018431455,2831.30213747022,3307.11351136856,499.528297157673,3410.08162387206,2152.54529755947,2904.67563989462,3465.16789021031,479.623420068974,248764.29360541
"100","557","35557",Leamington,D,"35",Ontario,1653.51930799593,1330.99890037531,1516.87848176271,1362.25612421946,1295.35142803913,1565.70356185868,1728.17566790205,1013.87760404025,1754.1436774468,1587.64728590379,1396.02690299581,1630.63467188309,246.301845431392,1681.40504082218,1061.35304491175,1432.20509081074,1708.56636154374,236.487370548126,51614.5943849114
"101","559","35559",Windsor,B,"35",Ontario,10602.1907994636,8534.22408142134,9726.06428325249,8734.64210039909,8305.65626707418,10039.1255393524,11080.8794796436,6500.87589374686,11247.3836167735,10179.8263757623,8951.17675216085,10455.4569367899,1579.26136462374,10780.9911722994,6805.28339723971,9183.14746128719,10955.1466935518,1516.33199097172,103238.178086911
"102","562","35562",Sarnia,K,"35",Ontario,3207.29499142153,2581.70925985749,2942.25579001856,2642.33820857812,2512.56464198569,3036.96072426023,3352.10428877925,1966.59606338094,3402.4738678786,3079.52448458837,2707.84264283365,3162.90616729236,477.746266158126,3261.38433308877,2058.68312924418,2778.01667738881,3314.06855280827,458.709345153457,112284.786854433
"103","566","35566",Owen Sound,D,"35",Ontario,1081.03504748002,870.178202545253,991.702239965974,890.613498349057,846.872658382517,1023.62301880051,1129.84375523768,662.851179337296,1146.82107672372,1037.96934996815,912.692098171242,1066.0735687338,161.026802445842,1099.26613399966,693.889593012404,936.34461456409,1117.02361692821,154.610311733804,63643.4714212667
"104","567","35567",Collingwood,D,"35",Ontario,683.407203758774,550.108021487028,626.932915391214,563.026778107851,535.374756534979,647.112547845074,714.263023165246,419.040318872221,724.995723167692,656.181991557248,576.984396407747,673.948876562033,101.797695699809,694.932505893838,438.662138793538,591.937009754835,706.158406681179,97.7413276236194,3387.64361864169
"105","544","35544",Woodstock,D,"35",Ontario,1306.33847448368,1051.53599417605,1198.38741067861,1076.23030435458,1023.37323821186,1236.9609427602,1365.31962735351,800.999005820402,1385.83526986215,1254.29725925743,1102.91040777452,1288.258805504,194.587130183959,1328.36918519995,838.506276800297,1131.49244918675,1349.82758493376,186.833349442611,5099.27016793298
"106","546","35546",Tillsonburg,D,"35",Ontario,527.85234879567,424.894280639171,484.232549963373,434.872513041846,413.514551230233,499.818961526085,551.684870974655,323.659767647168,559.974629507044,506.824049187155,445.653145335615,520.546896333653,78.6268457936967,536.754301508998,338.815334774517,457.202294283867,545.424999942537,75.4937746924243,2243.6954143995
"107","965","59965",Terrace,D,"59",British Columbia / Colombie-Britannique,510.995378149259,368.416787704795,433.904331935519,373.038333258366,356.875529754398,474.66689507883,534.16371876112,284.464643240259,510.468834439598,474.512072872269,391.266478991558,492.536827666168,68.2081379710144,493.777433856259,291.045896036441,394.74480853846,530.468069419636,64.1492097958508,7646.74688410902
"108","975","59975",Dawson Creek,D,"59",British Columbia / Colombie-Britannique,404.013879607315,291.285405327799,343.062540266488,294.93938828184,282.160412907251,375.291092911561,422.331719478767,224.909400632983,403.597572861239,375.168683732685,309.351306501194,389.419793390378,53.9281479837009,390.400667851907,230.112808203208,312.101416976715,419.40978683444,50.7189932089605,2436.65316670588
"109","977","59977",Fort St. John,D,"59",British Columbia / Colombie-Britannique,920.06205127265,663.345149222784,781.257378914299,671.666376929062,642.564779037208,854.651560590625,961.777322655001,512.18687012578,919.113994893404,854.372798797263,704.486683768865,886.826894998777,122.810737712404,889.060641966301,524.03660700884,710.749517884634,955.123199444106,115.502519391106,64684.7970225364
"110","990","60990",Whitehorse,D,"60",Yukon,911.85927933521,983.308207512078,895.119535642921,851.255833007656,844.065912447346,957.632762277453,1105.32638921113,805.982466541656,1005.8048341012,935.064497581525,955.627211662469,917.837190828553,205.786576450792,1084.99092758308,652.928998947142,938.857654644368,976.335149732831,164.961081140497,886364.8201503
"111","595","35595",Thunder Bay,B,"35",Ontario,4007.55558552078,3225.87831591735,3676.38575815939,3301.63495345517,3139.48124512045,3794.72076843716,4188.49663134637,2457.28661110713,4251.43405958435,3847.90472430695,3383.48357038958,3952.09118763053,596.949991336027,4075.14090195355,2572.35056329809,3471.16691219919,4140.97049656538,573.163118494366,261826.307859265
"112","598","35598",Kenora,D,"35",Ontario,461.144267515378,371.197669207776,423.036981446169,379.914888410752,361.256069545964,436.653639068529,481.96492154585,282.756810215254,489.207050458766,442.773448539395,389.33310314735,454.762050497627,68.6902678730602,468.921222799873,295.997071219835,399.422712904415,476.496150056767,65.953142929246,23718.7780607428
"113","602","46602",Winnipeg,B,"46",Manitoba,25523.2322841719,22406.1211137385,23748.2371511399,23226.6352665801,21941.8657349931,23636.3523083174,27305.9538214418,17850.2329902048,27113.85940771,26291.3896839337,22812.4334484673,26636.1268025555,5231.85186536813,27275.6433157132,20162.4645050415,25477.3859823085,25306.1633001994,3920.94044333476,541082.896062083
"114","582","35582",Elliot Lake,D,"35",Ontario,376.464840268219,303.035040386612,345.355154241319,310.15152510042,294.919005169518,356.471399889992,393.462219723145,230.834480767336,399.37448394031,361.46743512485,317.84028303413,371.254583278694,56.0767476663276,382.813722675707,241.643446684186,326.077148707866,388.99767259285,53.8422381041637,84553.5250413058
"115","586","35586",Timmins,D,"35",Ontario,1427.34860223662,1148.94299170505,1309.39770023968,1175.92480704246,1118.17143035442,1351.54441690972,1491.79335968387,875.19799346542,1514.20942845746,1370.4866506824,1205.07637121313,1407.59415874757,212.612331027761,1451.42008350813,916.179676677744,1236.30605529426,1474.86624225483,204.140293818027,317848.845628614
"116","603","46603",Winkler,D,"46",Manitoba,1020.66772413826,896.015221266136,949.686108625168,928.827378655637,877.449764452574,945.21186128352,1091.95831593769,713.826386667675,1084.27650692752,1051.3861467757,912.263550263332,1065.17209892266,209.220457456836,1090.74620508506,806.291950556059,1018.83434097997,1011.98718758804,156.797434917912,87429.4668344785
"117","507","35507",Arnprior,D,"35",Ontario,540.95041978283,435.437560447739,496.248242615256,445.663391118722,423.775455972627,512.221414614432,565.374319637776,331.691025718474,573.86977867536,519.400324854854,456.711533509906,533.463689138624,80.5778837526127,550.073264113837,347.222661703852,468.547262899883,558.959116297819,77.3670688912252,30159.3824592991
"118","515","35515",Pembroke,D,"35",Ontario,838.204620931713,674.712065518906,768.938436780679,690.557027208348,656.641593527101,793.688924439061,876.049541801489,513.956436972538,889.213285729611,804.81267059293,707.676163842586,826.603905327229,124.855720546562,852.340501776621,538.022762216712,726.015667797898,866.109160142072,119.880551555029,59052.4624310212
"119","516","35516",Petawawa,D,"35",Ontario,559.197242578259,450.125324239605,512.987214262917,460.696083409479,438.069844376019,529.499178139507,584.444986310089,342.879310528217,593.22700629475,536.920241203654,472.116890550897,551.457976295133,83.2958599521971,568.627809659549,358.934844677635,484.351851363841,577.813390959273,79.9767409229207,19766.5100355608
"120","605","46605",Steinbach,D,"46",Manitoba,525.813379962477,461.596640300366,489.246060290581,478.500350659491,452.032346252883,486.941079790256,562.539873749458,367.739133671177,558.582465514162,541.638469617556,469.967227323232,548.740523944751,107.783280548899,561.91543548269,415.374254825523,524.868883350053,521.341462599044,80.7767182835391,2559.92829639477
"121","607","46607",Portage la Prairie,D,"46",Manitoba,439.370187316053,385.7106149305,408.814498520256,399.835372773592,377.718681661339,406.88845451321,470.05888280306,307.2831887709,466.752068607937,452.593648115391,392.705086634614,458.528131353691,90.063817379928,469.537101357288,347.087143990539,438.580965420329,435.633447979548,67.497106815782,2586.97908345729
"122","907","59907",Nelson,D,"59",British Columbia / Colombie-Britannique,636.272431851286,458.738875088465,540.281528794277,464.493453565612,444.368131055479,591.037557811139,665.120788187845,354.204789939512,635.61679968427,590.844777398773,487.190461600392,613.288531491769,84.930235429631,614.833288354861,362.399520034647,491.52154798484,660.519101906927,79.8762091757607,131667.970901883
"123","913","59913",Penticton,D,"59",British Columbia / Colombie-Britannique,1455.72020247769,1049.54327097652,1236.10374644604,1062.70909999614,1016.66461292918,1352.22786602975,1521.72201734367,810.380965883873,1454.22019005262,1351.78680819749,1114.63731860193,1403.13560833975,194.310885238471,1406.66983924849,829.129594583008,1124.54635938739,1511.19387554337,182.747838147179,179409.23545052
"124","915","59915",Kelowna,B,"59",British Columbia / Colombie-Britannique,6741.34167585945,4860.36381690711,5724.31274436752,4921.33387839968,4708.10497649133,6262.0756766519,7046.99161021015,3752.81937849884,6734.39522078177,6260.03316793913,5161.80994204976,6497.82598368247,899.840552122884,6514.19276836935,3839.64300614461,5207.69804500475,6998.23649825373,846.292862993881,314490.003483001
"125","918","59918",Vernon,D,"59",British Columbia / Colombie-Britannique,2082.68625284781,1501.57244563882,1768.4828980723,1520.40868172326,1454.53323369431,1934.62066478501,2177.11447467354,1159.40501236012,2080.54019889408,1933.98964785313,1594.70193370675,2007.45393038002,277.998896453241,2012.51032410202,1186.22851175597,1608.87871469567,2162.05195590018,261.455745108447,112950.651531733
"126","920","59920",Salmon Arm,D,"59",British Columbia / Colombie-Britannique,602.535969778703,434.415605423663,511.634701219116,439.865063065108,420.806826743727,559.699541167736,629.854727664026,335.424130126928,601.915101272418,559.516983468699,461.358630078246,580.770723059715,80.4270611952543,582.233574541096,343.184359183091,465.460073704777,625.497033043082,75.6410096573366,18626.5830185942
"127","925","59925",Kamloops,K,"59",British Columbia / Colombie-Britannique,3509.42585252709,2530.22131956864,2979.97818693292,2561.96127805938,2450.95800175311,3259.92826401345,3668.54191948992,1953.65284672752,3505.80964719393,3258.86496899982,2687.14895701911,3382.65579419917,468.441424532125,3391.17606152732,1998.85172441235,2711.03750787098,3643.16085351306,440.565423699128,582945.506370338
"128","930","59930",Chilliwack,K,"59",British Columbia / Colombie-Britannique,3429.60378414721,2472.67130959434,2912.19843436416,2503.68934077278,2395.21083807552,3185.78103233198,3585.10074861825,1909.21691282983,3426.06983344315,3184.7419213217,2626.02962010307,3305.71711660731,457.78670042713,3314.04359143235,1953.38773878459,2649.37482484511,3560.29697458041,430.544740679162,153460.357127759
"129","932","59932",Abbotsford - Mission,B,"59",British Columbia / Colombie-Britannique,6217.33901662034,4482.56905470167,5279.36346771289,4538.79992923079,4342.14525539846,5775.32622990011,6499.23086197108,3461.11374665677,6210.93250601673,5773.44248759405,4760.58385398655,5992.75173138191,829.896189567576,6007.84633145612,3541.1885955939,4802.90508686215,6454.26546704645,780.510747903721,65199.494000786
"130","933","59933",Vancouver,B,"59",British Columbia / Colombie-Britannique,85414.317829327,61581.9045889407,72528.3321543173,62354.4089798242,59652.7507698659,79341.9096126375,89286.9713326013,47549.0670266788,85326.3046950906,79316.0305981384,65401.2948996754,82328.9191043635,11401.1825230594,82536.2899690208,48649.1419301161,65982.707489109,88669.2330874938,10722.7212353642,304041.562330481
"131","934","59934",Squamish,D,"59",British Columbia / Colombie-Britannique,638.833150897794,460.585100019062,542.455927552156,466.362836876363,446.156519452997,593.416226309968,667.797609796439,355.630310404004,638.174880504297,593.222670579706,489.151191874885,615.756750998948,85.2720427436068,617.307724907515,363.858021443997,493.499708007308,663.177404397226,80.1976760985393,11261.0472812831
"132","935","59935",Victoria,B,"59",British Columbia / Colombie-Britannique,12022.7055731551,8668.11473936675,10208.9064858685,8776.85052432362,8396.57188074785,11167.9685932111,12567.8105879498,6692.88765385792,12010.3170700242,11164.3259256057,9205.72255969076,11588.4125733583,1604.8019139274,11617.6015797797,6847.73144279105,9287.56073909074,12480.8593011002,1509.30340002244,70443.4093488204
"133","937","59937",Duncan,D,"59",British Columbia / Colombie-Britannique,1517.1384021517,1093.82448671874,1288.2561233185,1107.54579427269,1059.55864718724,1409.2796274342,1585.92489542388,844.571699373375,1515.5751032937,1408.81996111944,1161.66491345872,1462.33521466111,202.509043984275,1466.01855955289,864.111349929392,1171.99202668459,1574.95256146358,190.45814076177,38001.9012519051
"134","938","59938",Nanaimo,K,"59",British Columbia / Colombie-Britannique,3475.27417043899,2505.59868394776,2950.97877961841,2537.02976781669,2427.10670996244,3228.20454699463,3632.84181137318,1934.64103758878,3471.6931574768,3227.15159961481,2660.99919183346,3349.73776358491,463.88282621053,3358.17511456274,1979.40006507587,2684.65527511003,3607.70774079798,436.27809781818,130028.1031334
"135","939","59939",Parksville,D,"59",British Columbia / Colombie-Britannique,982.921922388748,708.665777534676,834.633927227304,717.555523123185,686.46566395976,913.042499284013,1027.48723657371,547.180162626864,981.909092807327,912.7446909875,752.618156679542,947.416093832537,131.20133157752,949.802454266595,559.839488709928,759.308875572737,1020.37849400683,123.39380589591,8238.46431633769
"136","940","59940",Port Alberni,D,"59",British Columbia / Colombie-Britannique,872.471274014878,629.033212096366,740.846358281115,636.92401999247,609.327718640839,810.444181794782,912.028798115265,485.693688681256,871.572257265202,810.17983846505,668.046675375579,840.955225545203,116.458276475075,843.073431744637,496.930490159968,673.985559947919,905.718862183607,109.528080256536,185954.837489615
"137","943","59943",Courtenay,D,"59",British Columbia / Colombie-Britannique,1843.87948877164,1329.39785388418,1565.70359008948,1346.07427327233,1287.75229272811,1712.79152666035,1927.48030226532,1026.46431692524,1841.97950775584,1712.23286238711,1411.84884815098,1777.27352148559,246.122747950716,1781.75013246518,1050.2121567011,1424.40007810662,1914.14489144799,231.476481362491,59887.7024458583
"138","944","59944",Campbell River,D,"59",British Columbia / Colombie-Britannique,1244.97326197263,897.599214363626,1057.15103234435,908.859005621625,869.480452652222,1156.46367629338,1301.41988841602,693.060819133834,1243.69040948958,1156.08647232215,953.269493270273,1200.0014251874,166.180188113705,1203.02399751985,709.095178567255,961.743986848282,1292.415922814,156.291141610665,184681.931206925
"139","945","59945",Powell River,D,"59",British Columbia / Colombie-Britannique,564.577294517418,407.048209115618,479.402640927249,412.154360325178,394.296758616007,524.439482768947,590.175019969151,314.29301641038,563.995538492472,524.268426109598,432.293870966941,544.183218855818,75.3603019616865,545.553912669829,321.56436598031,436.136931277694,586.09185207271,70.8757629784164,89531.6467990779
"140","950","59950",Williams Lake,D,"59",British Columbia / Colombie-Britannique,627.386910735485,452.332604583372,532.736517246024,458.006818288717,438.162546252095,582.783739282261,655.832399969651,349.258332712494,626.740434470682,582.593651920714,480.386864269539,604.723979091472,83.7441878140546,606.247163121646,357.338624103099,484.657467528691,651.29497689204,78.760740769022,270943.629892054
"141","952","59952",Quesnel,D,"59",British Columbia / Colombie-Britannique,799.735264939618,576.592098573041,679.083628936723,583.825066135176,558.529408677432,742.879234496316,835.99496511312,445.202474978363,798.91119646878,742.636928950916,612.353094937585,770.846640342791,106.749406361551,772.788255642289,455.502489029631,617.796868106595,830.211074665285,100.396965273244,2216563.01516707
"142","955","59955",Prince Rupert,D,"59",British Columbia / Colombie-Britannique,416.352105707289,300.181004194828,353.539367053652,303.946576397424,290.777343537829,386.75215090229,435.229357026208,231.777934841751,415.923085675754,386.626004570145,318.798622870109,401.312329954175,55.5750661064276,402.323158016952,237.140250145204,321.632718003502,432.218191243598,52.2679064553665,24965.4217577375
"143","970","59970",Prince George,K,"59",British Columbia / Colombie-Britannique,2837.19555426803,2045.55758615203,2409.1635536622,2071.21776000081,1981.47715277274,2635.48921131196,2965.83294909692,1579.43076757437,2834.27203401422,2634.62959156116,2172.42574606598,2734.7082913804,378.711499439571,2741.59650054065,1615.9718034044,2191.7384469295,2945.31362298386,356.175144622535,1802846.10689285
"144","995","61995",Yellowknife,D,"61",Northwest Territories / Territoires du Nord-Ouest,611.121531799723,659.006089183021,599.902675443966,570.505537379412,565.686904228505,641.798590330656,740.781796570419,540.163652716766,674.083167302194,626.673502018215,640.454484903779,615.127884377519,137.916683483635,727.153116599939,437.588319957948,629.21564824702,654.332796530568,110.555730246096,13672.6449737207
"145","828","48828",Canmore,D,"48",Alberta,460.585602340597,393.293395158903,387.604077719681,352.650268427174,337.257829095174,499.12932546413,499.06554915799,320.0603634923,521.324881050092,540.670707900602,359.865483156748,525.694490331422,86.9929862119563,520.875477228081,332.880499689917,398.103105725158,489.117895732573,82.0449813402674,6949.37204380314
"146","830","48830",Red Deer,K,"48",Alberta,3498.35043247587,2987.2364912422,2944.02363064531,2678.53405297313,2561.62170185315,3791.106981054,3790.62257496261,2430.99937914489,3959.69200286916,4106.63207991623,2733.33678923977,3992.88111230492,660.750031294154,3956.27857754346,2528.3739533844,3023.76836737727,3715.06576645885,623.167756929284,10770.3135451919
"147","831","48831",Sylvan Lake,D,"48",Alberta,497.495058529072,424.810327112249,418.665092950625,380.910226548167,364.284299468054,539.127519389162,539.058633494014,345.708698675124,563.101735867718,583.997859366875,388.703638817387,567.821508816027,93.9642502583242,562.616317678332,359.556188190301,430.005469423386,528.313813083249,88.6197325114601,2462.59173260138
"148","832","48832",Lacombe,D,"48",Alberta,452.076438526499,386.02743210677,380.443223561691,346.135173632945,331.027104830926,489.908079174536,489.845482130149,314.147356492802,511.693580665691,530.682000646833,353.217090516795,515.982463083586,85.3858201714947,511.252478513103,326.730644769439,390.748285952141,480.081608412103,80.529228066187,2184.19986911739
"149","833","48833",Camrose,D,"48",Alberta,663.051101730925,566.178398024444,557.988157167398,507.669254017826,485.510563682714,718.537981798232,718.446171576892,460.753388309829,750.490322256366,778.340242154743,518.056153246078,756.780737158304,125.23360492637,749.84336623823,479.209034384308,573.102376389448,704.125699129239,118.110542420043,4359.03831531508
"150","835","48835",Edmonton,B,"48",Alberta,46400.0479595875,39620.9353587854,39047.7855831186,35526.4891128975,33975.8329109534,50282.9973921698,50276.5725136325,32243.3357785994,52519.009262547,54467.9353708148,36253.3601009314,52959.2099696672,8763.79703360685,52473.7356123934,33534.854454659,40105.4725434448,49274.431750451,8265.32800688906,985777.910307814
"151","840","48840",Lloydminster (Alberta part / partie de l'Alberta),D,"48",Alberta,694.36808534243,592.792165780062,584.664190586569,531.677263801394,508.947911658965,751.790815974236,752.306133235426,482.296703425542,785.206103697623,814.393503845728,542.666485986294,792.139173386182,131.146532183284,784.793047586485,501.668890146873,600.416035106799,737.040933680022,123.581998373593,2435.6763411985
"152","845","48845",Cold Lake,D,"48",Alberta,516.394117909924,440.948207055428,434.569525098983,395.380410449108,378.122890730956,559.608129870361,559.536626484154,358.841631846049,584.493091046405,606.183025048131,403.469883254245,589.392160164902,97.5338051875246,583.989233165652,373.215165882955,446.340704835593,548.38363002621,91.986257551036,5999.82127236836
"153","850","48850",Grande Prairie,K,"48",Alberta,2237.42956588111,1910.5379438588,1882.90042453436,1713.10204664078,1638.32876218335,2424.66700013258,2424.35719128702,1554.78703084036,2532.48842021543,2626.46644608135,1748.1520681568,2553.71508099621,422.593929767858,2530.3053069522,1617.06459911438,1933.90252854687,2376.03354652903,398.557546294509,13514.5337037854
"154","860","48860",Wood Buffalo,K,"48",Alberta,3044.56045871973,2599.74586162569,2562.13840281956,2331.08690011623,2229.33991002515,3299.34193276014,3298.92039559261,2115.66127606034,3446.05887382378,3573.93856133677,2378.78088180213,3474.9428642272,575.040567207743,3443.08823763485,2200.40486879085,2631.53901349592,3233.16445508868,542.333287429425,6663777.82618139
"155","865","48865",Wetaskiwin,D,"48",Alberta,501.109879445838,427.8970173372,421.707131264593,383.677936704342,366.93120610289,543.04484284675,542.975457053923,348.220634395839,567.19325830118,588.241214372189,391.52797685063,571.947325602159,94.6469985171116,566.704313378112,362.168739448389,433.129908375719,532.152566253237,89.2636475981526,1884.4081751069
"156","905","59905",Cranbrook,D,"59",British Columbia / Colombie-Britannique,865.172639682755,623.771052283666,734.648829008169,631.5958487689,604.230403770955,803.664433024659,904.399245359535,481.630631045087,864.281142419351,803.402301578022,662.458148825369,833.920237570491,115.484047933935,836.020723440546,492.773431681716,668.3473523612,898.14209584738,108.61182593421,460770.225863209
