Geocode,Name,Alt_Geocode,Female_1,Female_2,Female_3,Female_4,Female_5,Female_6,Female_7,Female_8,Female_9,Female_10,Female_11,Female_12,Female_13,Female_14,Female_15,Female_16,Female_17,Female_18,Female_19,Female_20,Female_21,Female_22,Female_23,Female_24,Female_25,Female_26,Female_27,Female_28,Female_29,Male_1,Male_2,Male_3,Male_4,Male_5,Male_6,Male_7,Male_8,Male_9,Male_10,Male_11,Male_12,Male_13,Male_14,Male_15,Male_16,Male_17,Male_18,Male_19,Male_20,Male_21,Male_22,Male_23,Male_24,Male_25,Male_26,Male_27,Male_28,Male_29
1,Canada,1,181710.0,184945.0,187590.0,190865.0,192035.0,197850.0,199195.0,200040.0,194325.0,189825.0,186865.0,188990.0,185285.0,186475.0,188795.0,195450.0,194940.0,200890.0,206870.0,215960.0,217815.0,217330.0,221165.0,225930.0,230320.0,232540.0,226180.0,224585.0,227890.0,190900.0,193940.0,198615.0,200500.0,202500.0,208145.0,209850.0,209795.0,204400.0,199335.0,197005.0,198125.0,194645.0,196090.0,199405.0,205865.0,205290.0,209810.0,218840.0,225450.0,229080.0,227565.0,230065.0,232340.0,236065.0,235505.0,227260.0,221410.0,224235.0
1,St. John's,10001,965.0,1055.0,985.0,1020.0,1100.0,1135.0,1125.0,1180.0,1060.0,1100.0,1040.0,1020.0,1070.0,990.0,1020.0,1035.0,1010.0,1060.0,1240.0,1330.0,1375.0,1395.0,1510.0,1525.0,1555.0,1580.0,1395.0,1515.0,1510.0,1035.0,1110.0,1010.0,1090.0,1125.0,1200.0,1155.0,1150.0,1160.0,1150.0,1095.0,1130.0,1085.0,1105.0,1070.0,1135.0,1030.0,1135.0,1225.0,1240.0,1370.0,1405.0,1390.0,1430.0,1540.0,1600.0,1535.0,1460.0,1470.0
5,Bay Roberts,10005,35.0,50.0,65.0,60.0,50.0,65.0,65.0,60.0,60.0,80.0,60.0,55.0,80.0,50.0,55.0,70.0,55.0,60.0,50.0,65.0,55.0,45.0,50.0,45.0,50.0,45.0,55.0,50.0,55.0,55.0,60.0,40.0,35.0,40.0,75.0,75.0,45.0,70.0,70.0,65.0,55.0,70.0,65.0,60.0,70.0,65.0,75.0,65.0,55.0,55.0,40.0,55.0,50.0,60.0,30.0,45.0,40.0,55.0
10,Grand Falls-Windsor,10010,65.0,80.0,70.0,50.0,75.0,80.0,70.0,60.0,60.0,65.0,80.0,65.0,70.0,85.0,70.0,70.0,65.0,80.0,70.0,70.0,75.0,70.0,70.0,75.0,55.0,70.0,65.0,80.0,70.0,55.0,65.0,55.0,60.0,60.0,85.0,75.0,75.0,75.0,75.0,85.0,80.0,65.0,70.0,80.0,90.0,100.0,70.0,70.0,85.0,65.0,60.0,55.0,65.0,65.0,75.0,65.0,55.0,60.0
10,Newfoundland and Labrador,10,2155.0,2235.0,2200.0,2295.0,2450.0,2530.0,2580.0,2620.0,2435.0,2525.0,2490.0,2535.0,2595.0,2555.0,2540.0,2705.0,2660.0,2685.0,2680.0,2775.0,2745.0,2665.0,2740.0,2860.0,2815.0,2970.0,2685.0,2840.0,2845.0,2190.0,2405.0,2275.0,2345.0,2545.0,2775.0,2715.0,2685.0,2715.0,2675.0,2610.0,2705.0,2620.0,2730.0,2730.0,2835.0,2790.0,2835.0,2785.0,2775.0,2820.0,2835.0,2760.0,2735.0,2935.0,2980.0,2790.0,2685.0,2700.0
11,Gander,10011,60.0,55.0,60.0,75.0,65.0,60.0,85.0,65.0,80.0,65.0,75.0,70.0,75.0,75.0,75.0,65.0,85.0,85.0,70.0,70.0,75.0,70.0,55.0,65.0,65.0,95.0,75.0,75.0,70.0,55.0,75.0,70.0,70.0,70.0,80.0,85.0,80.0,70.0,75.0,85.0,90.0,90.0,90.0,90.0,70.0,75.0,80.0,70.0,45.0,70.0,65.0,55.0,55.0,80.0,70.0,70.0,60.0,70.0
11,Prince Edward Island,11,595.0,700.0,670.0,745.0,750.0,795.0,780.0,805.0,785.0,725.0,780.0,785.0,795.0,750.0,775.0,860.0,860.0,830.0,890.0,905.0,865.0,835.0,815.0,815.0,825.0,800.0,760.0,750.0,815.0,760.0,725.0,700.0,765.0,780.0,790.0,815.0,770.0,825.0,780.0,810.0,795.0,785.0,780.0,855.0,885.0,895.0,850.0,950.0,945.0,895.0,820.0,875.0,855.0,795.0,790.0,720.0,670.0,725.0
12,Nova Scotia,12,4015.0,4090.0,4190.0,4380.0,4340.0,4590.0,4500.0,4600.0,4295.0,4380.0,4390.0,4655.0,4430.0,4635.0,4615.0,5120.0,4955.0,5075.0,5245.0,5620.0,5575.0,5650.0,5655.0,5505.0,5535.0,5535.0,5355.0,5245.0,5260.0,4260.0,4110.0,4330.0,4560.0,4535.0,4900.0,4750.0,4825.0,4645.0,4685.0,4605.0,4610.0,4620.0,4835.0,4890.0,5245.0,5190.0,5360.0,5555.0,5675.0,5650.0,5620.0,5680.0,5530.0,5760.0,5620.0,5255.0,5055.0,5095.0
13,New Brunswick,13,3375.0,3365.0,3395.0,3620.0,3685.0,3830.0,3785.0,3765.0,3665.0,3650.0,3535.0,3840.0,3800.0,3755.0,3885.0,4005.0,3945.0,4025.0,3840.0,4035.0,4050.0,4065.0,4025.0,3990.0,3865.0,4000.0,3865.0,3890.0,3870.0,3410.0,3540.0,3590.0,3670.0,3760.0,3830.0,3975.0,4045.0,3905.0,3770.0,3850.0,3825.0,3905.0,3935.0,3925.0,4315.0,4160.0,4240.0,4270.0,4335.0,4325.0,4295.0,4210.0,4110.0,4070.0,4070.0,3880.0,3795.0,3920.0
15,Corner Brook,10015,130.0,110.0,130.0,145.0,155.0,120.0,155.0,135.0,120.0,140.0,145.0,175.0,165.0,175.0,160.0,160.0,165.0,175.0,185.0,195.0,195.0,175.0,170.0,200.0,190.0,180.0,155.0,170.0,155.0,145.0,160.0,135.0,140.0,130.0,175.0,155.0,155.0,155.0,145.0,150.0,155.0,165.0,150.0,160.0,150.0,175.0,185.0,190.0,200.0,175.0,180.0,180.0,170.0,160.0,190.0,160.0,160.0,145.0
24,Quebec,24,42565.0,43545.0,44095.0,44985.0,45330.0,46365.0,46955.0,45990.0,44300.0,42780.0,40780.0,40810.0,40020.0,40425.0,40135.0,41270.0,40940.0,43105.0,45305.0,47830.0,48625.0,49020.0,50280.0,51750.0,52265.0,51115.0,48330.0,47485.0,48190.0,44115.0,45645.0,47075.0,47100.0,47745.0,48650.0,49080.0,48125.0,46630.0,44595.0,42900.0,42795.0,41865.0,42190.0,42315.0,42910.0,42670.0,44175.0,47000.0,48380.0,49415.0,50315.0,51680.0,52815.0,53000.0,51530.0,49050.0,47120.0,47325.0
35,Ontario,35,66305.0,67835.0,69220.0,70880.0,70970.0,73385.0,74075.0,75745.0,74580.0,73235.0,73565.0,74115.0,72705.0,73925.0,74845.0,77595.0,77880.0,80885.0,83735.0,87285.0,87750.0,86550.0,87070.0,87920.0,88895.0,89520.0,86820.0,85860.0,86905.0,69885.0,71075.0,72985.0,74450.0,75005.0,76845.0,78035.0,79425.0,78010.0,77150.0,77425.0,78175.0,76625.0,77620.0,79060.0,82300.0,82130.0,85015.0,88225.0,91975.0,93320.0,90590.0,91200.0,90730.0,91260.0,90260.0,86280.0,84035.0,84505.0
46,Manitoba,46,7745.0,7880.0,7975.0,7960.0,7965.0,8265.0,8300.0,8200.0,8070.0,7840.0,7575.0,7915.0,7565.0,7650.0,7825.0,8090.0,7980.0,7955.0,8040.0,8375.0,8380.0,8405.0,8470.0,8665.0,8840.0,8755.0,8480.0,8525.0,8525.0,8270.0,8390.0,8555.0,8300.0,8520.0,8545.0,8640.0,8560.0,8305.0,8185.0,8085.0,8090.0,8160.0,8315.0,8370.0,8605.0,8550.0,8420.0,8610.0,8775.0,8965.0,9050.0,8770.0,8915.0,8880.0,9060.0,8645.0,8340.0,8645.0
47,Saskatchewan,47,7105.0,7210.0,7135.0,7070.0,7230.0,7425.0,7300.0,7365.0,6995.0,6880.0,6605.0,6765.0,6465.0,6455.0,6505.0,6840.0,6610.0,6470.0,6565.0,6490.0,6735.0,6725.0,6890.0,7145.0,7550.0,7580.0,7720.0,7535.0,7850.0,7535.0,7420.0,7525.0,7465.0,7735.0,7695.0,7835.0,7640.0,7250.0,7205.0,6890.0,7130.0,6825.0,6865.0,6915.0,7040.0,6950.0,6750.0,7025.0,7020.0,7060.0,7260.0,7385.0,7355.0,7885.0,7960.0,7815.0,7805.0,7830.0
48,Alberta,48,25940.0,25765.0,25850.0,25950.0,26195.0,26785.0,26780.0,26525.0,25435.0,24345.0,23685.0,23870.0,23345.0,22620.0,23145.0,23365.0,23345.0,23255.0,23305.0,24230.0,24800.0,25015.0,26280.0,27515.0,29225.0,30750.0,30955.0,31120.0,32180.0,27140.0,27190.0,27330.0,27595.0,27510.0,28545.0,28110.0,27970.0,26855.0,25475.0,25220.0,25140.0,24320.0,23905.0,24495.0,24795.0,24880.0,24500.0,24950.0,25675.0,26095.0,26545.0,27115.0,28560.0,30200.0,31505.0,31490.0,31180.0,32340.0
59,British Columbia,59,20975.0,21390.0,21955.0,22070.0,22180.0,22925.0,23270.0,23525.0,22930.0,22625.0,22660.0,22900.0,22805.0,22895.0,23770.0,24780.0,25070.0,25845.0,26515.0,27665.0,27570.0,27610.0,28155.0,28945.0,29570.0,30610.0,30280.0,30425.0,30530.0,22335.0,22450.0,23250.0,23275.0,23425.0,24570.0,24975.0,24795.0,24310.0,23930.0,23770.0,24000.0,24140.0,24140.0,25025.0,26115.0,26345.0,26840.0,28670.0,29080.0,29695.0,29415.0,29545.0,29880.0,30295.0,30825.0,30420.0,29780.0,30270.0
60,Yukon,60,205.0,195.0,165.0,210.0,215.0,190.0,190.0,200.0,205.0,185.0,200.0,185.0,180.0,200.0,180.0,200.0,175.0,210.0,175.0,175.0,175.0,180.0,200.0,205.0,235.0,255.0,270.0,280.0,270.0,210.0,230.0,245.0,240.0,215.0,230.0,225.0,230.0,225.0,225.0,200.0,225.0,210.0,210.0,205.0,200.0,195.0,205.0,200.0,195.0,185.0,215.0,210.0,230.0,280.0,220.0,235.0,240.0,270.0
61,Northwest Territories,61,295.0,270.0,325.0,295.0,315.0,310.0,275.0,315.0,285.0,290.0,275.0,275.0,275.0,270.0,280.0,295.0,235.0,240.0,255.0,295.0,250.0,285.0,290.0,300.0,365.0,335.0,325.0,340.0,350.0,360.0,335.0,300.0,315.0,290.0,325.0,290.0,310.0,305.0,300.0,280.0,285.0,235.0,240.0,300.0,260.0,240.0,300.0,300.0,305.0,335.0,335.0,335.0,320.0,350.0,375.0,330.0,360.0,345.0
62,Nunavut,62,445.0,465.0,420.0,385.0,400.0,450.0,400.0,390.0,340.0,370.0,335.0,350.0,310.0,330.0,300.0,325.0,280.0,315.0,315.0,290.0,290.0,325.0,285.0,315.0,335.0,315.0,335.0,295.0,295.0,440.0,440.0,445.0,420.0,435.0,450.0,405.0,415.0,420.0,365.0,355.0,350.0,335.0,320.0,320.0,355.0,290.0,325.0,305.0,325.0,320.0,285.0,310.0,300.0,365.0,310.0,335.0,340.0,255.0
105,Charlottetown,11105,300.0,365.0,350.0,375.0,370.0,410.0,420.0,405.0,400.0,350.0,355.0,385.0,385.0,345.0,370.0,385.0,400.0,410.0,465.0,490.0,485.0,465.0,480.0,455.0,465.0,485.0,420.0,400.0,450.0,385.0,365.0,350.0,390.0,420.0,405.0,395.0,395.0,435.0,375.0,370.0,380.0,405.0,355.0,410.0,390.0,420.0,390.0,465.0,495.0,485.0,460.0,475.0,470.0,460.0,440.0,415.0,390.0,420.0
110,Summerside,11110,65.0,85.0,75.0,100.0,75.0,95.0,80.0,90.0,90.0,85.0,95.0,100.0,110.0,85.0,95.0,105.0,90.0,95.0,95.0,80.0,75.0,85.0,80.0,70.0,80.0,70.0,80.0,100.0,90.0,90.0,75.0,75.0,90.0,85.0,105.0,105.0,85.0,85.0,115.0,85.0,90.0,90.0,95.0,110.0,130.0,100.0,90.0,115.0,100.0,90.0,85.0,80.0,75.0,65.0,75.0,70.0,60.0,85.0
205,Halifax,12205,1930.0,1960.0,1970.0,1960.0,2035.0,2065.0,2085.0,2065.0,1875.0,1920.0,1970.0,2070.0,1835.0,1990.0,1960.0,2120.0,2160.0,2270.0,2505.0,2840.0,2955.0,3060.0,3165.0,3190.0,3125.0,3145.0,2965.0,2955.0,2835.0,2045.0,1915.0,2070.0,2110.0,2105.0,2235.0,2125.0,2130.0,2025.0,2085.0,2020.0,2010.0,2045.0,2055.0,2045.0,2130.0,2185.0,2355.0,2605.0,2845.0,2900.0,3040.0,3100.0,3140.0,3280.0,3195.0,3060.0,2840.0,2810.0
210,Kentville,12210,110.0,105.0,120.0,135.0,160.0,100.0,115.0,130.0,145.0,130.0,145.0,155.0,150.0,150.0,130.0,170.0,140.0,160.0,140.0,175.0,140.0,150.0,140.0,135.0,130.0,110.0,130.0,155.0,140.0,115.0,135.0,130.0,130.0,140.0,140.0,150.0,125.0,150.0,130.0,150.0,145.0,140.0,145.0,165.0,175.0,185.0,170.0,145.0,160.0,150.0,135.0,140.0,115.0,140.0,115.0,140.0,100.0,135.0
215,Truro,12215,200.0,190.0,215.0,250.0,235.0,255.0,225.0,245.0,235.0,230.0,235.0,245.0,230.0,255.0,255.0,260.0,270.0,250.0,270.0,250.0,270.0,250.0,245.0,250.0,260.0,225.0,215.0,230.0,240.0,225.0,190.0,210.0,220.0,240.0,255.0,240.0,275.0,250.0,255.0,245.0,210.0,225.0,285.0,265.0,275.0,275.0,260.0,280.0,275.0,260.0,255.0,220.0,235.0,220.0,235.0,225.0,200.0,220.0
220,New Glasgow,12220,135.0,150.0,170.0,170.0,160.0,185.0,200.0,205.0,175.0,170.0,165.0,185.0,185.0,195.0,185.0,205.0,185.0,190.0,180.0,175.0,175.0,160.0,145.0,145.0,155.0,165.0,155.0,180.0,160.0,165.0,165.0,160.0,190.0,175.0,200.0,170.0,180.0,210.0,185.0,190.0,205.0,155.0,185.0,205.0,175.0,205.0,215.0,205.0,170.0,190.0,175.0,170.0,145.0,170.0,160.0,140.0,150.0,140.0
225,Cape Breton,12225,395.0,415.0,445.0,455.0,385.0,505.0,455.0,490.0,430.0,495.0,485.0,500.0,450.0,465.0,450.0,570.0,555.0,530.0,540.0,575.0,565.0,555.0,565.0,510.0,520.0,525.0,490.0,460.0,485.0,425.0,400.0,390.0,455.0,425.0,500.0,525.0,530.0,495.0,485.0,480.0,495.0,500.0,500.0,505.0,590.0,525.0,545.0,605.0,600.0,555.0,565.0,560.0,575.0,560.0,510.0,455.0,465.0,440.0
305,Moncton,13305,675.0,735.0,700.0,730.0,780.0,785.0,805.0,790.0,745.0,720.0,720.0,745.0,745.0,700.0,745.0,760.0,725.0,745.0,795.0,885.0,905.0,915.0,890.0,940.0,895.0,935.0,885.0,910.0,905.0,740.0,700.0,790.0,780.0,785.0,785.0,810.0,865.0,810.0,760.0,790.0,815.0,795.0,770.0,775.0,890.0,720.0,780.0,795.0,865.0,865.0,900.0,900.0,895.0,875.0,940.0,895.0,835.0,910.0
310,Saint John,13310,665.0,595.0,600.0,645.0,680.0,670.0,720.0,675.0,685.0,710.0,675.0,705.0,725.0,665.0,725.0,705.0,745.0,705.0,690.0,755.0,695.0,740.0,710.0,680.0,645.0,735.0,715.0,700.0,700.0,600.0,645.0,640.0,645.0,665.0,695.0,740.0,775.0,750.0,715.0,705.0,710.0,675.0,710.0,725.0,760.0,770.0,770.0,790.0,735.0,745.0,775.0,725.0,705.0,715.0,655.0,675.0,685.0,695.0
320,Fredericton,13320,545.0,555.0,515.0,575.0,580.0,600.0,535.0,580.0,530.0,605.0,555.0,540.0,525.0,560.0,545.0,565.0,505.0,630.0,655.0,695.0,760.0,780.0,735.0,675.0,680.0,665.0,665.0,650.0,640.0,525.0,565.0,550.0,565.0,570.0,585.0,555.0,590.0,565.0,555.0,575.0,525.0,545.0,570.0,580.0,600.0,610.0,610.0,645.0,710.0,750.0,745.0,735.0,735.0,710.0,655.0,655.0,650.0,605.0
328,Bathurst,13328,105.0,105.0,105.0,115.0,110.0,135.0,135.0,120.0,110.0,100.0,125.0,145.0,145.0,130.0,165.0,175.0,160.0,140.0,145.0,140.0,155.0,120.0,140.0,125.0,125.0,135.0,125.0,115.0,110.0,115.0,120.0,100.0,115.0,120.0,130.0,140.0,130.0,130.0,130.0,125.0,120.0,140.0,165.0,135.0,150.0,165.0,165.0,165.0,165.0,175.0,145.0,135.0,120.0,130.0,155.0,120.0,125.0,140.0
329,Miramichi,13329,130.0,115.0,110.0,120.0,135.0,125.0,120.0,125.0,160.0,130.0,110.0,120.0,140.0,150.0,130.0,150.0,185.0,160.0,155.0,135.0,135.0,135.0,115.0,150.0,140.0,115.0,120.0,120.0,105.0,95.0,120.0,135.0,125.0,130.0,130.0,145.0,140.0,125.0,145.0,130.0,135.0,140.0,160.0,140.0,155.0,150.0,150.0,160.0,165.0,160.0,140.0,130.0,145.0,115.0,140.0,105.0,115.0,110.0
330,Campbellton,13330,45.0,60.0,65.0,60.0,55.0,65.0,60.0,75.0,85.0,70.0,70.0,80.0,80.0,90.0,70.0,85.0,65.0,80.0,75.0,70.0,85.0,65.0,85.0,90.0,85.0,80.0,75.0,75.0,65.0,70.0,75.0,50.0,60.0,90.0,75.0,75.0,85.0,70.0,70.0,80.0,80.0,70.0,70.0,70.0,90.0,60.0,75.0,75.0,75.0,90.0,65.0,95.0,75.0,85.0,50.0,85.0,70.0,65.0
335,Edmundston,13335,90.0,85.0,85.0,95.0,100.0,130.0,105.0,110.0,115.0,105.0,100.0,110.0,105.0,115.0,120.0,120.0,100.0,135.0,90.0,95.0,75.0,85.0,100.0,120.0,95.0,100.0,100.0,90.0,95.0,105.0,95.0,95.0,110.0,120.0,100.0,125.0,120.0,95.0,105.0,130.0,110.0,110.0,100.0,105.0,100.0,105.0,110.0,105.0,100.0,115.0,95.0,105.0,110.0,90.0,95.0,100.0,105.0,110.0
403,Matane,24403,60.0,65.0,80.0,70.0,85.0,75.0,80.0,75.0,75.0,70.0,60.0,85.0,70.0,85.0,60.0,75.0,75.0,75.0,70.0,90.0,65.0,85.0,65.0,85.0,80.0,65.0,80.0,70.0,85.0,65.0,70.0,75.0,90.0,85.0,80.0,80.0,80.0,85.0,80.0,95.0,80.0,75.0,70.0,80.0,85.0,80.0,85.0,90.0,75.0,110.0,80.0,95.0,85.0,100.0,75.0,80.0,95.0,85.0
404,Rimouski,24404,265.0,260.0,265.0,255.0,305.0,275.0,250.0,270.0,260.0,270.0,225.0,220.0,235.0,245.0,225.0,235.0,240.0,285.0,350.0,340.0,310.0,340.0,345.0,330.0,330.0,310.0,290.0,310.0,265.0,270.0,255.0,290.0,290.0,290.0,260.0,320.0,320.0,305.0,255.0,230.0,270.0,270.0,255.0,265.0,230.0,265.0,305.0,320.0,340.0,305.0,350.0,290.0,320.0,310.0,305.0,305.0,320.0,305.0
405,Rivière-du-Loup,24405,140.0,145.0,160.0,145.0,150.0,170.0,170.0,160.0,150.0,145.0,130.0,155.0,130.0,135.0,120.0,130.0,145.0,135.0,145.0,140.0,160.0,135.0,135.0,145.0,160.0,155.0,150.0,155.0,160.0,170.0,135.0,150.0,155.0,165.0,195.0,180.0,170.0,155.0,135.0,125.0,135.0,165.0,125.0,155.0,155.0,130.0,130.0,165.0,145.0,155.0,145.0,170.0,155.0,195.0,145.0,145.0,155.0,160.0
406,Baie-Comeau,24406,145.0,130.0,130.0,140.0,140.0,125.0,170.0,165.0,140.0,115.0,130.0,120.0,140.0,145.0,160.0,150.0,140.0,180.0,145.0,150.0,125.0,135.0,140.0,145.0,155.0,140.0,125.0,110.0,135.0,140.0,115.0,135.0,145.0,115.0,130.0,150.0,135.0,120.0,140.0,150.0,145.0,150.0,125.0,140.0,155.0,140.0,155.0,145.0,160.0,130.0,150.0,140.0,170.0,175.0,130.0,130.0,130.0,140.0
408,Saguenay,24408,810.0,750.0,815.0,860.0,860.0,800.0,900.0,840.0,760.0,810.0,710.0,720.0,720.0,760.0,685.0,695.0,745.0,815.0,865.0,865.0,860.0,885.0,900.0,970.0,920.0,910.0,810.0,875.0,825.0,825.0,750.0,880.0,840.0,840.0,855.0,860.0,850.0,880.0,790.0,815.0,780.0,735.0,795.0,805.0,780.0,770.0,810.0,905.0,860.0,850.0,950.0,985.0,1020.0,975.0,1015.0,930.0,925.0,860.0
410,Alma,24410,150.0,170.0,155.0,160.0,155.0,185.0,195.0,190.0,185.0,170.0,160.0,200.0,160.0,170.0,155.0,160.0,160.0,175.0,175.0,170.0,175.0,155.0,175.0,195.0,175.0,165.0,140.0,150.0,180.0,170.0,185.0,185.0,160.0,195.0,185.0,190.0,195.0,195.0,195.0,170.0,160.0,160.0,160.0,150.0,170.0,170.0,180.0,190.0,190.0,180.0,180.0,170.0,180.0,185.0,150.0,170.0,155.0,170.0
411,Dolbeau-Mistassini,24411,60.0,65.0,75.0,80.0,95.0,75.0,95.0,90.0,80.0,90.0,60.0,70.0,90.0,80.0,75.0,80.0,55.0,85.0,80.0,60.0,60.0,65.0,60.0,65.0,70.0,65.0,70.0,55.0,50.0,75.0,80.0,80.0,90.0,100.0,80.0,95.0,110.0,75.0,85.0,95.0,80.0,80.0,75.0,80.0,70.0,75.0,75.0,70.0,105.0,75.0,65.0,65.0,70.0,75.0,55.0,65.0,60.0,60.0
412,Sept-Îles,24412,155.0,180.0,155.0,175.0,195.0,190.0,185.0,175.0,180.0,165.0,175.0,180.0,155.0,165.0,160.0,175.0,145.0,180.0,145.0,170.0,135.0,165.0,150.0,170.0,190.0,190.0,150.0,165.0,155.0,160.0,150.0,170.0,195.0,185.0,205.0,175.0,170.0,230.0,210.0,180.0,155.0,165.0,155.0,170.0,190.0,155.0,175.0,160.0,175.0,160.0,160.0,175.0,165.0,150.0,145.0,165.0,180.0,175.0
421,Québec,24421,4100.0,4175.0,4250.0,4300.0,4410.0,4365.0,4575.0,4160.0,4065.0,3905.0,3780.0,3680.0,3680.0,3610.0,3460.0,3710.0,3590.0,3980.0,4155.0,4720.0,4950.0,5230.0,5330.0,5595.0,5545.0,5390.0,5070.0,4850.0,4930.0,4370.0,4355.0,4440.0,4475.0,4575.0,4615.0,4650.0,4410.0,4150.0,4100.0,3790.0,3660.0,3740.0,3815.0,3755.0,3725.0,3750.0,3950.0,4335.0,4555.0,4815.0,5020.0,5335.0,5780.0,5665.0,5340.0,5295.0,4880.0,4935.0
423,Sainte-Marie,24423,70.0,85.0,90.0,80.0,95.0,70.0,90.0,80.0,75.0,90.0,65.0,90.0,60.0,70.0,75.0,65.0,65.0,70.0,75.0,70.0,55.0,65.0,90.0,90.0,75.0,95.0,80.0,80.0,75.0,80.0,80.0,75.0,95.0,85.0,85.0,90.0,70.0,90.0,60.0,75.0,85.0,60.0,65.0,85.0,75.0,85.0,85.0,65.0,60.0,90.0,65.0,90.0,75.0,95.0,75.0,90.0,95.0,75.0
428,Saint-Georges,24428,170.0,170.0,170.0,220.0,175.0,195.0,200.0,185.0,185.0,170.0,175.0,185.0,130.0,175.0,160.0,160.0,165.0,180.0,175.0,185.0,180.0,175.0,165.0,160.0,155.0,150.0,160.0,155.0,170.0,180.0,175.0,185.0,220.0,200.0,215.0,215.0,220.0,170.0,190.0,150.0,195.0,180.0,160.0,170.0,165.0,160.0,165.0,195.0,175.0,185.0,195.0,185.0,165.0,175.0,170.0,150.0,175.0,205.0
430,Thetford Mines,24430,110.0,135.0,105.0,130.0,135.0,145.0,145.0,135.0,125.0,110.0,120.0,120.0,115.0,115.0,115.0,120.0,120.0,115.0,120.0,135.0,150.0,140.0,115.0,135.0,125.0,115.0,120.0,115.0,105.0,105.0,115.0,130.0,150.0,140.0,140.0,155.0,125.0,145.0,105.0,140.0,140.0,135.0,125.0,125.0,120.0,115.0,140.0,130.0,135.0,140.0,140.0,155.0,145.0,125.0,120.0,140.0,115.0,110.0
433,Sherbrooke,24433,1105.0,1060.0,1115.0,1120.0,1145.0,1205.0,1220.0,1175.0,1095.0,1075.0,1060.0,1100.0,1000.0,1030.0,1010.0,1130.0,1080.0,1190.0,1350.0,1540.0,1485.0,1445.0,1520.0,1520.0,1525.0,1315.0,1330.0,1210.0,1240.0,1145.0,1220.0,1210.0,1190.0,1280.0,1290.0,1230.0,1230.0,1145.0,1205.0,1075.0,1130.0,1160.0,1090.0,1165.0,1155.0,1155.0,1175.0,1345.0,1430.0,1545.0,1525.0,1515.0,1555.0,1515.0,1400.0,1415.0,1255.0,1255.0
437,Cowansville,24437,60.0,65.0,65.0,60.0,65.0,75.0,70.0,85.0,60.0,70.0,70.0,60.0,55.0,65.0,60.0,65.0,85.0,70.0,65.0,75.0,65.0,65.0,70.0,70.0,75.0,65.0,75.0,60.0,65.0,70.0,75.0,85.0,65.0,60.0,70.0,90.0,70.0,80.0,70.0,70.0,55.0,90.0,75.0,75.0,75.0,80.0,70.0,75.0,75.0,80.0,70.0,90.0,85.0,90.0,75.0,95.0,80.0,95.0
440,Victoriaville,24440,235.0,260.0,235.0,295.0,285.0,280.0,255.0,245.0,295.0,260.0,265.0,235.0,235.0,265.0,265.0,245.0,260.0,270.0,280.0,255.0,255.0,260.0,250.0,275.0,255.0,240.0,225.0,230.0,225.0,235.0,255.0,285.0,280.0,275.0,275.0,295.0,310.0,300.0,285.0,230.0,245.0,255.0,260.0,240.0,300.0,245.0,275.0,285.0,275.0,285.0,260.0,270.0,290.0,270.0,245.0,240.0,255.0,245.0
442,Trois-Rivières,24442,670.0,730.0,685.0,775.0,715.0,760.0,805.0,780.0,700.0,700.0,690.0,700.0,635.0,700.0,665.0,720.0,705.0,825.0,895.0,1000.0,1000.0,1015.0,1000.0,1060.0,1015.0,930.0,825.0,865.0,845.0,745.0,755.0,820.0,820.0,805.0,810.0,810.0,820.0,815.0,720.0,775.0,695.0,725.0,760.0,725.0,720.0,780.0,800.0,825.0,865.0,955.0,1005.0,1050.0,1050.0,1045.0,975.0,860.0,750.0,920.0
444,Shawinigan,24444,250.0,250.0,230.0,235.0,215.0,220.0,230.0,240.0,200.0,240.0,185.0,205.0,205.0,195.0,230.0,230.0,240.0,225.0,260.0,250.0,270.0,220.0,260.0,270.0,265.0,250.0,205.0,230.0,250.0,215.0,270.0,255.0,240.0,275.0,235.0,240.0,220.0,250.0,225.0,240.0,180.0,210.0,235.0,220.0,240.0,245.0,275.0,240.0,270.0,265.0,270.0,265.0,295.0,280.0,230.0,235.0,240.0,250.0
447,Drummondville,24447,490.0,525.0,540.0,535.0,515.0,530.0,575.0,565.0,580.0,530.0,470.0,510.0,545.0,470.0,545.0,545.0,495.0,500.0,535.0,535.0,510.0,500.0,525.0,525.0,530.0,530.0,520.0,470.0,485.0,475.0,535.0,580.0,545.0,570.0,595.0,620.0,580.0,635.0,540.0,565.0,540.0,505.0,565.0,530.0,515.0,540.0,585.0,540.0,555.0,555.0,525.0,545.0,565.0,565.0,570.0,490.0,540.0,590.0
450,Granby,24450,430.0,455.0,470.0,455.0,445.0,480.0,470.0,480.0,470.0,480.0,450.0,435.0,410.0,460.0,430.0,435.0,425.0,410.0,445.0,435.0,470.0,405.0,460.0,485.0,460.0,435.0,415.0,410.0,460.0,420.0,445.0,490.0,495.0,500.0,535.0,500.0,535.0,485.0,515.0,460.0,435.0,445.0,460.0,460.0,445.0,465.0,460.0,475.0,480.0,465.0,480.0,470.0,445.0,475.0,505.0,395.0,415.0,445.0
452,Saint-Hyacinthe,24452,290.0,320.0,275.0,265.0,325.0,315.0,305.0,330.0,265.0,275.0,255.0,265.0,310.0,255.0,295.0,295.0,270.0,375.0,340.0,375.0,355.0,400.0,385.0,390.0,385.0,325.0,325.0,330.0,305.0,325.0,295.0,310.0,310.0,305.0,330.0,300.0,315.0,315.0,295.0,250.0,285.0,280.0,270.0,280.0,305.0,285.0,315.0,330.0,305.0,380.0,350.0,370.0,410.0,415.0,365.0,375.0,340.0,305.0
454,Sorel-Tracy,24454,130.0,145.0,150.0,205.0,150.0,150.0,175.0,190.0,200.0,175.0,145.0,150.0,175.0,175.0,160.0,150.0,200.0,175.0,205.0,165.0,190.0,190.0,210.0,185.0,190.0,190.0,200.0,175.0,170.0,165.0,205.0,170.0,195.0,175.0,195.0,175.0,185.0,170.0,165.0,215.0,175.0,185.0,140.0,160.0,180.0,135.0,190.0,200.0,195.0,205.0,215.0,210.0,185.0,225.0,200.0,190.0,170.0,215.0
456,Joliette,24456,245.0,210.0,225.0,225.0,265.0,275.0,245.0,230.0,235.0,235.0,240.0,210.0,225.0,220.0,240.0,220.0,245.0,250.0,245.0,270.0,275.0,270.0,280.0,275.0,315.0,270.0,270.0,260.0,285.0,225.0,230.0,260.0,265.0,255.0,245.0,280.0,265.0,230.0,205.0,195.0,210.0,220.0,220.0,220.0,260.0,240.0,255.0,275.0,265.0,265.0,280.0,260.0,315.0,290.0,300.0,300.0,255.0,270.0
462,Montréal,24462,22040.0,22795.0,22860.0,23185.0,23445.0,24010.0,24120.0,23900.0,23065.0,22365.0,21165.0,21310.0,20745.0,21035.0,20910.0,21410.0,21365.0,22655.0,24475.0,25905.0,26635.0,26840.0,27535.0,28190.0,28595.0,28350.0,26795.0,26355.0,26505.0,22770.0,23815.0,24395.0,24355.0,24520.0,24985.0,25405.0,25020.0,24150.0,22970.0,22190.0,22420.0,21435.0,21775.0,21900.0,22250.0,22115.0,23170.0,25100.0,26175.0,26715.0,27235.0,28085.0,28325.0,28575.0,28125.0,26705.0,25420.0,25315.0
465,Salaberry-de-Valleyfield,24465,190.0,155.0,185.0,205.0,185.0,185.0,180.0,165.0,190.0,155.0,170.0,155.0,150.0,170.0,200.0,170.0,170.0,205.0,225.0,220.0,265.0,230.0,230.0,265.0,280.0,260.0,190.0,215.0,235.0,190.0,205.0,215.0,200.0,205.0,190.0,195.0,195.0,190.0,160.0,170.0,175.0,175.0,180.0,195.0,180.0,190.0,225.0,210.0,215.0,245.0,255.0,265.0,280.0,290.0,225.0,245.0,235.0,240.0
468,Lachute,24468,55.0,50.0,60.0,50.0,65.0,65.0,55.0,55.0,45.0,45.0,65.0,50.0,50.0,70.0,50.0,75.0,75.0,65.0,60.0,65.0,50.0,65.0,65.0,70.0,80.0,75.0,75.0,70.0,65.0,60.0,60.0,60.0,60.0,70.0,70.0,70.0,70.0,65.0,60.0,70.0,70.0,50.0,60.0,55.0,75.0,65.0,60.0,70.0,75.0,60.0,75.0,90.0,80.0,65.0,80.0,65.0,50.0,80.0
480,Val-d'Or,24480,205.0,205.0,180.0,210.0,205.0,195.0,190.0,210.0,190.0,210.0,190.0,145.0,170.0,180.0,180.0,190.0,175.0,165.0,200.0,200.0,160.0,200.0,190.0,250.0,205.0,220.0,220.0,195.0,215.0,190.0,185.0,185.0,205.0,205.0,235.0,260.0,235.0,230.0,190.0,200.0,220.0,170.0,195.0,210.0,190.0,215.0,180.0,210.0,200.0,205.0,195.0,210.0,245.0,245.0,215.0,255.0,240.0,215.0
485,Rouyn-Noranda,24485,235.0,225.0,225.0,275.0,235.0,280.0,280.0,215.0,220.0,210.0,195.0,195.0,205.0,195.0,235.0,215.0,240.0,240.0,275.0,270.0,265.0,295.0,265.0,270.0,285.0,280.0,280.0,230.0,235.0,245.0,255.0,260.0,255.0,245.0,270.0,260.0,250.0,235.0,240.0,205.0,220.0,190.0,250.0,195.0,255.0,235.0,285.0,235.0,260.0,295.0,280.0,265.0,285.0,350.0,325.0,285.0,235.0,290.0
501,Cornwall,35501,290.0,310.0,280.0,300.0,290.0,340.0,360.0,330.0,280.0,315.0,285.0,280.0,300.0,295.0,285.0,295.0,315.0,325.0,305.0,365.0,360.0,325.0,350.0,345.0,340.0,345.0,370.0,290.0,330.0,305.0,325.0,305.0,350.0,325.0,345.0,305.0,330.0,355.0,345.0,285.0,290.0,295.0,290.0,320.0,370.0,325.0,320.0,305.0,385.0,340.0,410.0,360.0,330.0,340.0,320.0,310.0,330.0,305.0
502,Hawkesbury,35502,45.0,50.0,45.0,45.0,60.0,60.0,55.0,70.0,50.0,45.0,55.0,50.0,55.0,60.0,60.0,60.0,65.0,50.0,50.0,60.0,75.0,50.0,60.0,60.0,60.0,65.0,55.0,45.0,60.0,45.0,35.0,55.0,60.0,50.0,60.0,65.0,45.0,65.0,55.0,60.0,65.0,65.0,45.0,60.0,60.0,60.0,45.0,55.0,70.0,50.0,60.0,55.0,70.0,60.0,60.0,60.0,50.0,55.0
505,Ottawa - Gatineau,35505,6980.0,7150.0,7325.0,7445.0,7445.0,7685.0,7920.0,7955.0,7720.0,7480.0,7465.0,7520.0,7405.0,7210.0,7340.0,7620.0,7530.0,8170.0,8555.0,8980.0,9360.0,9175.0,9210.0,9210.0,9240.0,9010.0,8780.0,8415.0,8555.0,7080.0,7410.0,7505.0,7760.0,7905.0,8105.0,8085.0,8145.0,8075.0,7785.0,7755.0,7895.0,7690.0,7550.0,7545.0,7830.0,7930.0,8190.0,8840.0,9205.0,9545.0,9360.0,9350.0,9250.0,9160.0,9005.0,8430.0,8365.0,8355.0
507,Arnprior,35507,60.0,100.0,75.0,60.0,65.0,70.0,90.0,80.0,80.0,80.0,80.0,65.0,75.0,75.0,85.0,70.0,90.0,75.0,75.0,75.0,80.0,85.0,85.0,55.0,75.0,105.0,70.0,85.0,85.0,85.0,80.0,70.0,85.0,100.0,85.0,85.0,85.0,80.0,80.0,85.0,90.0,100.0,90.0,75.0,90.0,80.0,90.0,75.0,75.0,70.0,80.0,95.0,100.0,90.0,70.0,85.0,95.0,85.0
509,Carleton Place,35509,170.0,160.0,150.0,160.0,175.0,180.0,170.0,140.0,190.0,180.0,190.0,175.0,175.0,195.0,150.0,180.0,170.0,190.0,165.0,160.0,145.0,135.0,135.0,135.0,165.0,155.0,150.0,135.0,165.0,170.0,190.0,175.0,165.0,175.0,165.0,195.0,195.0,170.0,140.0,200.0,205.0,180.0,185.0,200.0,185.0,195.0,165.0,175.0,190.0,185.0,150.0,155.0,155.0,160.0,140.0,150.0,150.0,185.0
512,Brockville,35512,155.0,145.0,135.0,150.0,155.0,175.0,155.0,190.0,185.0,215.0,185.0,185.0,195.0,180.0,215.0,225.0,215.0,225.0,230.0,235.0,210.0,205.0,205.0,190.0,185.0,160.0,180.0,150.0,180.0,155.0,170.0,155.0,155.0,155.0,160.0,175.0,185.0,180.0,185.0,210.0,195.0,175.0,205.0,195.0,240.0,240.0,225.0,215.0,220.0,240.0,195.0,210.0,185.0,200.0,225.0,170.0,205.0,175.0
515,Pembroke,35515,100.0,125.0,105.0,125.0,105.0,130.0,100.0,100.0,110.0,105.0,120.0,105.0,120.0,130.0,115.0,110.0,115.0,130.0,130.0,145.0,130.0,140.0,140.0,130.0,115.0,125.0,140.0,140.0,145.0,115.0,105.0,120.0,130.0,125.0,120.0,120.0,145.0,115.0,105.0,105.0,115.0,120.0,135.0,125.0,120.0,130.0,120.0,120.0,135.0,140.0,130.0,125.0,145.0,150.0,120.0,145.0,145.0,130.0
516,Petawawa,35516,150.0,140.0,170.0,155.0,140.0,125.0,120.0,135.0,120.0,85.0,95.0,95.0,70.0,85.0,100.0,80.0,70.0,75.0,75.0,75.0,80.0,105.0,115.0,140.0,155.0,200.0,180.0,175.0,190.0,185.0,160.0,175.0,145.0,140.0,145.0,145.0,140.0,110.0,120.0,100.0,105.0,100.0,95.0,90.0,80.0,85.0,95.0,135.0,170.0,185.0,170.0,190.0,195.0,245.0,260.0,250.0,250.0,245.0
521,Kingston,35521,725.0,735.0,735.0,775.0,765.0,790.0,860.0,800.0,865.0,785.0,755.0,775.0,780.0,770.0,785.0,805.0,835.0,940.0,1045.0,1175.0,1145.0,1120.0,1145.0,1120.0,1105.0,1085.0,1090.0,1060.0,1040.0,725.0,815.0,800.0,805.0,860.0,815.0,865.0,830.0,830.0,805.0,815.0,830.0,825.0,875.0,860.0,885.0,880.0,925.0,975.0,1130.0,1145.0,1140.0,1140.0,1075.0,1120.0,1125.0,1075.0,1085.0,1050.0
522,Belleville,35522,510.0,515.0,500.0,555.0,530.0,530.0,570.0,590.0,525.0,520.0,580.0,525.0,485.0,565.0,570.0,595.0,535.0,560.0,570.0,585.0,605.0,565.0,630.0,580.0,585.0,585.0,555.0,590.0,605.0,510.0,555.0,555.0,545.0,575.0,570.0,615.0,590.0,555.0,580.0,535.0,555.0,580.0,490.0,595.0,580.0,625.0,600.0,630.0,660.0,605.0,600.0,680.0,620.0,635.0,645.0,610.0,615.0,565.0
527,Cobourg,35527,70.0,65.0,70.0,80.0,90.0,70.0,90.0,90.0,70.0,95.0,95.0,80.0,85.0,90.0,65.0,85.0,105.0,90.0,95.0,100.0,90.0,80.0,90.0,95.0,75.0,85.0,90.0,75.0,80.0,75.0,85.0,75.0,95.0,75.0,85.0,85.0,85.0,80.0,90.0,90.0,80.0,80.0,100.0,110.0,115.0,110.0,100.0,100.0,80.0,85.0,95.0,70.0,95.0,75.0,60.0,95.0,70.0,90.0
528,Port Hope,35528,65.0,55.0,65.0,60.0,80.0,80.0,70.0,80.0,60.0,80.0,75.0,75.0,95.0,85.0,70.0,80.0,75.0,90.0,80.0,85.0,90.0,75.0,85.0,85.0,95.0,95.0,65.0,75.0,90.0,60.0,50.0,75.0,85.0,70.0,80.0,80.0,80.0,75.0,55.0,85.0,80.0,80.0,90.0,75.0,100.0,85.0,95.0,110.0,100.0,95.0,120.0,70.0,95.0,75.0,80.0,70.0,65.0,90.0
529,Peterborough,35529,560.0,615.0,600.0,615.0,540.0,615.0,635.0,670.0,605.0,540.0,575.0,585.0,555.0,525.0,605.0,585.0,650.0,690.0,805.0,905.0,860.0,835.0,800.0,805.0,760.0,750.0,770.0,730.0,750.0,610.0,585.0,660.0,640.0,630.0,605.0,605.0,585.0,605.0,635.0,590.0,600.0,570.0,570.0,605.0,655.0,610.0,740.0,760.0,765.0,860.0,805.0,845.0,820.0,785.0,835.0,715.0,655.0,695.0
530,Kawartha Lakes,35530,285.0,330.0,300.0,305.0,335.0,275.0,330.0,355.0,315.0,370.0,325.0,355.0,315.0,345.0,345.0,375.0,365.0,425.0,400.0,365.0,395.0,365.0,335.0,405.0,315.0,345.0,305.0,335.0,320.0,305.0,320.0,295.0,325.0,350.0,340.0,345.0,360.0,350.0,310.0,335.0,365.0,380.0,355.0,375.0,425.0,405.0,420.0,420.0,440.0,430.0,395.0,405.0,400.0,370.0,390.0,360.0,340.0,350.0
531,Centre Wellington,35531,130.0,145.0,130.0,140.0,155.0,170.0,180.0,155.0,180.0,145.0,165.0,165.0,170.0,175.0,160.0,175.0,160.0,170.0,160.0,170.0,145.0,165.0,130.0,140.0,140.0,115.0,130.0,145.0,165.0,165.0,150.0,160.0,180.0,180.0,180.0,160.0,165.0,165.0,155.0,195.0,175.0,185.0,190.0,180.0,170.0,180.0,205.0,175.0,165.0,170.0,165.0,140.0,165.0,145.0,165.0,135.0,140.0,120.0
532,Oshawa,35532,2075.0,2135.0,2080.0,2300.0,2230.0,2365.0,2365.0,2380.0,2350.0,2290.0,2280.0,2435.0,2250.0,2285.0,2310.0,2465.0,2530.0,2485.0,2400.0,2575.0,2415.0,2365.0,2345.0,2330.0,2255.0,2210.0,2165.0,2185.0,2255.0,2095.0,2210.0,2240.0,2395.0,2380.0,2500.0,2410.0,2550.0,2410.0,2360.0,2475.0,2425.0,2395.0,2555.0,2285.0,2475.0,2490.0,2430.0,2690.0,2620.0,2620.0,2545.0,2515.0,2520.0,2355.0,2330.0,2200.0,2145.0,2180.0
533,Ingersoll,35533,85.0,65.0,70.0,75.0,85.0,70.0,90.0,70.0,60.0,70.0,70.0,80.0,65.0,85.0,80.0,60.0,80.0,80.0,75.0,70.0,85.0,75.0,60.0,85.0,80.0,65.0,80.0,85.0,75.0,70.0,70.0,45.0,85.0,95.0,95.0,85.0,105.0,85.0,80.0,85.0,80.0,105.0,70.0,85.0,90.0,90.0,100.0,75.0,90.0,75.0,60.0,70.0,70.0,90.0,65.0,65.0,70.0,85.0
535,Toronto,35535,29310.0,30085.0,31145.0,31435.0,31765.0,32410.0,32955.0,34040.0,33485.0,32735.0,32920.0,33005.0,32565.0,32800.0,33640.0,34745.0,34810.0,36630.0,37915.0,39705.0,39865.0,39725.0,40575.0,41630.0,42935.0,43700.0,42965.0,42390.0,42570.0,30855.0,31490.0,32855.0,33155.0,33490.0,34220.0,35235.0,35615.0,35100.0,34800.0,34805.0,34790.0,34115.0,34675.0,35865.0,37130.0,36710.0,39000.0,40075.0,41875.0,42750.0,41530.0,42050.0,42235.0,43225.0,43235.0,41740.0,40825.0,40760.0
537,Hamilton,35537,3710.0,3770.0,3750.0,3980.0,3945.0,4010.0,3930.0,4190.0,4090.0,3930.0,4085.0,4180.0,3965.0,4145.0,4095.0,4260.0,4275.0,4430.0,4470.0,4590.0,4655.0,4770.0,4675.0,4765.0,4585.0,4740.0,4625.0,4515.0,4690.0,4065.0,4015.0,3970.0,4155.0,4125.0,4230.0,4220.0,4455.0,4290.0,4310.0,4405.0,4390.0,4245.0,4370.0,4340.0,4475.0,4620.0,4670.0,4795.0,4960.0,5135.0,4930.0,4910.0,4965.0,4830.0,4735.0,4515.0,4510.0,4555.0
539,St. Catharines - Niagara,35539,1790.0,1755.0,1815.0,1900.0,1835.0,1950.0,2025.0,1960.0,2040.0,1990.0,2015.0,2005.0,2035.0,2035.0,2165.0,2150.0,2280.0,2330.0,2430.0,2605.0,2580.0,2585.0,2535.0,2500.0,2430.0,2330.0,2220.0,2140.0,2225.0,1865.0,1855.0,1890.0,1930.0,1970.0,2015.0,2095.0,2060.0,2030.0,2085.0,2085.0,2155.0,2160.0,2190.0,2215.0,2315.0,2405.0,2320.0,2535.0,2710.0,2625.0,2540.0,2525.0,2545.0,2535.0,2445.0,2280.0,2190.0,2220.0
541,Kitchener - Cambridge - Waterloo,35541,2850.0,2850.0,2855.0,2955.0,2970.0,3180.0,3055.0,3035.0,3210.0,3180.0,3130.0,3030.0,2955.0,3050.0,3025.0,3100.0,3125.0,3220.0,3460.0,3705.0,3740.0,3835.0,3655.0,3720.0,3625.0,3745.0,3605.0,3560.0,3760.0,2935.0,3100.0,3100.0,3040.0,3215.0,3220.0,3215.0,3360.0,3245.0,3210.0,3120.0,3225.0,3125.0,3215.0,3050.0,3190.0,3345.0,3415.0,3740.0,4080.0,4150.0,4050.0,4045.0,3995.0,3975.0,3870.0,3730.0,3485.0,3590.0
543,Brantford,35543,735.0,735.0,745.0,750.0,775.0,810.0,800.0,785.0,840.0,715.0,795.0,790.0,790.0,785.0,740.0,810.0,790.0,735.0,885.0,830.0,880.0,760.0,775.0,745.0,755.0,830.0,805.0,745.0,810.0,720.0,720.0,780.0,845.0,780.0,845.0,845.0,810.0,845.0,800.0,845.0,840.0,760.0,845.0,840.0,895.0,850.0,820.0,800.0,825.0,805.0,795.0,780.0,780.0,775.0,785.0,735.0,755.0,785.0
544,Woodstock,35544,230.0,205.0,255.0,240.0,215.0,210.0,245.0,230.0,210.0,230.0,225.0,235.0,190.0,225.0,215.0,245.0,240.0,215.0,210.0,220.0,225.0,220.0,225.0,250.0,285.0,240.0,280.0,250.0,260.0,220.0,225.0,265.0,260.0,210.0,220.0,255.0,225.0,200.0,235.0,240.0,255.0,200.0,220.0,240.0,255.0,230.0,215.0,240.0,250.0,225.0,240.0,230.0,235.0,250.0,275.0,265.0,230.0,270.0
546,Tillsonburg,35546,65.0,85.0,55.0,80.0,85.0,85.0,80.0,75.0,60.0,80.0,95.0,95.0,65.0,80.0,75.0,80.0,90.0,70.0,75.0,80.0,90.0,70.0,85.0,80.0,85.0,80.0,85.0,75.0,75.0,75.0,65.0,65.0,85.0,75.0,70.0,85.0,85.0,95.0,90.0,80.0,85.0,85.0,85.0,80.0,95.0,80.0,60.0,90.0,85.0,80.0,80.0,75.0,80.0,90.0,100.0,90.0,75.0,85.0
547,Norfolk,35547,320.0,285.0,315.0,330.0,295.0,315.0,335.0,340.0,275.0,325.0,270.0,320.0,320.0,345.0,330.0,365.0,405.0,365.0,390.0,375.0,370.0,325.0,315.0,330.0,320.0,325.0,290.0,285.0,320.0,295.0,335.0,340.0,345.0,330.0,335.0,295.0,345.0,340.0,365.0,375.0,330.0,345.0,350.0,340.0,340.0,385.0,335.0,395.0,405.0,360.0,375.0,350.0,325.0,340.0,350.0,335.0,320.0,300.0
550,Guelph,35550,770.0,875.0,800.0,865.0,830.0,890.0,790.0,890.0,855.0,850.0,840.0,860.0,845.0,830.0,840.0,900.0,915.0,965.0,1045.0,1175.0,1095.0,1100.0,1085.0,1150.0,1090.0,1120.0,1000.0,1040.0,1030.0,845.0,810.0,910.0,900.0,870.0,860.0,945.0,880.0,935.0,935.0,875.0,900.0,850.0,905.0,885.0,930.0,930.0,940.0,1075.0,1095.0,1205.0,1110.0,1145.0,1110.0,1105.0,1095.0,1035.0,1055.0,1025.0
553,Stratford,35553,120.0,150.0,150.0,160.0,135.0,135.0,155.0,165.0,135.0,150.0,155.0,170.0,160.0,160.0,190.0,150.0,190.0,175.0,165.0,190.0,185.0,175.0,165.0,180.0,185.0,180.0,175.0,170.0,165.0,145.0,125.0,135.0,140.0,155.0,190.0,170.0,175.0,190.0,160.0,170.0,185.0,180.0,185.0,180.0,200.0,190.0,175.0,190.0,205.0,195.0,155.0,185.0,180.0,185.0,200.0,170.0,155.0,160.0
555,London,35555,2470.0,2560.0,2515.0,2560.0,2615.0,2730.0,2770.0,2820.0,2785.0,2710.0,2665.0,2655.0,2605.0,2765.0,2600.0,2795.0,2810.0,2970.0,3270.0,3460.0,3590.0,3605.0,3675.0,3540.0,3540.0,3470.0,3205.0,3290.0,3325.0,2595.0,2755.0,2750.0,2710.0,2755.0,2830.0,2865.0,2985.0,2910.0,2740.0,2715.0,2865.0,2750.0,2740.0,2725.0,2975.0,2835.0,3105.0,3335.0,3595.0,3655.0,3715.0,3730.0,3710.0,3710.0,3530.0,3290.0,3150.0,3085.0
556,Chatham-Kent,35556,450.0,520.0,485.0,575.0,590.0,510.0,580.0,575.0,570.0,570.0,540.0,565.0,525.0,590.0,590.0,645.0,605.0,595.0,600.0,575.0,560.0,550.0,535.0,560.0,580.0,490.0,490.0,475.0,510.0,515.0,560.0,540.0,580.0,535.0,565.0,590.0,610.0,555.0,615.0,625.0,580.0,595.0,585.0,595.0,610.0,635.0,640.0,605.0,595.0,600.0,530.0,525.0,510.0,530.0,535.0,485.0,505.0,530.0
557,Leamington,35557,275.0,255.0,265.0,270.0,260.0,265.0,260.0,275.0,275.0,290.0,280.0,265.0,285.0,300.0,255.0,315.0,265.0,305.0,285.0,295.0,335.0,275.0,280.0,250.0,290.0,265.0,265.0,250.0,230.0,305.0,280.0,280.0,315.0,320.0,295.0,345.0,335.0,310.0,280.0,300.0,315.0,330.0,305.0,320.0,320.0,310.0,295.0,310.0,315.0,315.0,310.0,305.0,270.0,310.0,335.0,255.0,270.0,280.0
559,Windsor,35559,1540.0,1620.0,1670.0,1690.0,1685.0,1840.0,1910.0,1870.0,1890.0,1885.0,1925.0,1960.0,1900.0,1965.0,2000.0,2055.0,2050.0,1980.0,2050.0,2285.0,2205.0,2240.0,2270.0,2020.0,2130.0,2080.0,1795.0,1880.0,1810.0,1655.0,1670.0,1710.0,1795.0,1715.0,1905.0,1855.0,2010.0,1975.0,2035.0,2060.0,2030.0,2040.0,2060.0,2110.0,2190.0,2065.0,2210.0,2275.0,2405.0,2435.0,2370.0,2445.0,2275.0,2320.0,2080.0,1990.0,1785.0,1800.0
562,Sarnia,35562,430.0,455.0,445.0,515.0,480.0,545.0,520.0,505.0,550.0,465.0,495.0,480.0,480.0,495.0,480.0,460.0,520.0,560.0,550.0,575.0,555.0,545.0,565.0,565.0,580.0,580.0,515.0,560.0,510.0,455.0,450.0,450.0,485.0,520.0,520.0,545.0,490.0,505.0,490.0,515.0,515.0,510.0,480.0,525.0,530.0,540.0,525.0,545.0,655.0,570.0,585.0,590.0,635.0,585.0,585.0,610.0,535.0,530.0
565,Wasaga Beach,35565,80.0,65.0,80.0,65.0,90.0,85.0,75.0,75.0,110.0,80.0,70.0,85.0,75.0,90.0,75.0,75.0,85.0,85.0,85.0,85.0,80.0,95.0,60.0,85.0,75.0,50.0,70.0,55.0,70.0,70.0,55.0,80.0,80.0,85.0,80.0,80.0,80.0,90.0,85.0,95.0,105.0,95.0,95.0,85.0,90.0,130.0,100.0,70.0,95.0,110.0,95.0,80.0,90.0,85.0,75.0,60.0,55.0,80.0
566,Owen Sound,35566,135.0,145.0,145.0,150.0,150.0,130.0,150.0,185.0,140.0,145.0,155.0,160.0,130.0,160.0,150.0,155.0,165.0,185.0,175.0,165.0,175.0,195.0,215.0,140.0,165.0,175.0,165.0,155.0,155.0,170.0,140.0,165.0,145.0,170.0,160.0,160.0,145.0,145.0,155.0,155.0,160.0,130.0,170.0,180.0,160.0,165.0,195.0,175.0,175.0,185.0,195.0,175.0,165.0,190.0,150.0,185.0,165.0,160.0
567,Collingwood,35567,100.0,90.0,100.0,125.0,105.0,115.0,95.0,115.0,120.0,110.0,105.0,110.0,120.0,95.0,90.0,110.0,85.0,105.0,85.0,120.0,100.0,95.0,105.0,125.0,115.0,115.0,95.0,100.0,105.0,70.0,95.0,90.0,100.0,100.0,130.0,115.0,130.0,95.0,105.0,110.0,120.0,85.0,110.0,105.0,120.0,115.0,90.0,115.0,105.0,100.0,105.0,125.0,95.0,115.0,115.0,110.0,120.0,125.0
568,Barrie,35568,1015.0,1005.0,1050.0,1095.0,1110.0,1190.0,1175.0,1200.0,1230.0,1265.0,1175.0,1250.0,1265.0,1195.0,1245.0,1305.0,1300.0,1250.0,1385.0,1325.0,1275.0,1275.0,1210.0,1260.0,1300.0,1275.0,1215.0,1170.0,1200.0,1105.0,1080.0,1070.0,1180.0,1185.0,1210.0,1250.0,1340.0,1220.0,1275.0,1280.0,1330.0,1260.0,1240.0,1255.0,1285.0,1325.0,1345.0,1460.0,1400.0,1445.0,1395.0,1375.0,1315.0,1365.0,1360.0,1215.0,1140.0,1220.0
569,Orillia,35569,135.0,130.0,150.0,140.0,145.0,165.0,155.0,145.0,130.0,145.0,165.0,165.0,145.0,125.0,150.0,165.0,140.0,160.0,180.0,200.0,180.0,215.0,210.0,210.0,205.0,210.0,195.0,175.0,185.0,155.0,140.0,150.0,150.0,155.0,150.0,165.0,140.0,155.0,150.0,165.0,135.0,150.0,150.0,145.0,170.0,160.0,135.0,180.0,185.0,185.0,200.0,205.0,185.0,210.0,195.0,200.0,180.0,160.0
571,Midland,35571,130.0,130.0,140.0,155.0,125.0,165.0,150.0,165.0,140.0,160.0,165.0,160.0,165.0,170.0,190.0,175.0,165.0,190.0,150.0,175.0,205.0,165.0,175.0,190.0,195.0,175.0,185.0,210.0,155.0,155.0,165.0,155.0,160.0,160.0,180.0,170.0,160.0,170.0,185.0,165.0,185.0,165.0,195.0,170.0,205.0,190.0,205.0,205.0,175.0,205.0,205.0,180.0,200.0,195.0,215.0,175.0,195.0,195.0
575,North Bay,35575,340.0,320.0,330.0,310.0,350.0,385.0,370.0,355.0,315.0,365.0,335.0,355.0,365.0,390.0,380.0,360.0,365.0,395.0,405.0,450.0,455.0,405.0,405.0,460.0,415.0,410.0,440.0,395.0,415.0,365.0,335.0,355.0,345.0,345.0,355.0,355.0,380.0,350.0,365.0,325.0,370.0,350.0,375.0,410.0,390.0,425.0,375.0,400.0,455.0,435.0,435.0,410.0,415.0,490.0,450.0,410.0,405.0,425.0
580,Greater Sudbury,35580,810.0,750.0,790.0,815.0,780.0,900.0,850.0,870.0,840.0,835.0,830.0,825.0,830.0,855.0,855.0,875.0,880.0,1020.0,1005.0,1035.0,1020.0,990.0,1010.0,1070.0,1040.0,1090.0,970.0,990.0,980.0,890.0,835.0,880.0,865.0,840.0,920.0,930.0,925.0,915.0,890.0,855.0,820.0,890.0,855.0,905.0,950.0,940.0,1000.0,1025.0,1080.0,1055.0,1100.0,1120.0,1095.0,1100.0,1030.0,990.0,955.0,980.0
582,Elliot Lake,35582,45.0,30.0,40.0,35.0,35.0,35.0,35.0,35.0,40.0,50.0,40.0,35.0,30.0,40.0,30.0,35.0,40.0,35.0,40.0,40.0,50.0,35.0,35.0,40.0,45.0,50.0,40.0,45.0,30.0,35.0,30.0,35.0,35.0,45.0,35.0,35.0,35.0,40.0,30.0,45.0,40.0,30.0,40.0,40.0,45.0,35.0,45.0,30.0,50.0,40.0,15.0,45.0,45.0,20.0,40.0,40.0,50.0,40.0
586,Timmins,35586,225.0,215.0,225.0,250.0,230.0,260.0,235.0,245.0,250.0,245.0,220.0,225.0,235.0,215.0,245.0,265.0,250.0,215.0,250.0,250.0,255.0,245.0,255.0,245.0,265.0,290.0,265.0,280.0,260.0,215.0,205.0,255.0,260.0,225.0,250.0,255.0,290.0,235.0,260.0,240.0,260.0,220.0,250.0,270.0,255.0,285.0,270.0,275.0,255.0,240.0,255.0,260.0,255.0,275.0,275.0,270.0,240.0,300.0
590,Sault Ste. Marie,35590,365.0,405.0,380.0,365.0,335.0,365.0,345.0,395.0,345.0,375.0,345.0,380.0,375.0,355.0,365.0,400.0,395.0,385.0,405.0,455.0,480.0,470.0,480.0,435.0,440.0,480.0,410.0,440.0,430.0,365.0,375.0,395.0,405.0,430.0,405.0,385.0,395.0,395.0,400.0,385.0,380.0,350.0,395.0,420.0,395.0,425.0,465.0,470.0,455.0,495.0,480.0,510.0,520.0,475.0,470.0,425.0,445.0,430.0
595,Thunder Bay,35595,515.0,560.0,570.0,555.0,615.0,575.0,580.0,580.0,570.0,610.0,575.0,585.0,545.0,660.0,645.0,620.0,680.0,625.0,705.0,720.0,840.0,790.0,850.0,810.0,865.0,780.0,750.0,690.0,755.0,585.0,625.0,610.0,605.0,625.0,640.0,620.0,590.0,610.0,625.0,595.0,615.0,635.0,580.0,630.0,665.0,715.0,660.0,740.0,785.0,830.0,815.0,900.0,910.0,825.0,860.0,805.0,710.0,735.0
598,Kenora,35598,75.0,45.0,70.0,90.0,75.0,85.0,90.0,90.0,90.0,70.0,90.0,80.0,95.0,80.0,60.0,80.0,80.0,75.0,80.0,90.0,85.0,95.0,80.0,100.0,80.0,95.0,95.0,70.0,85.0,70.0,75.0,80.0,95.0,85.0,95.0,85.0,100.0,75.0,75.0,70.0,75.0,80.0,80.0,85.0,95.0,80.0,65.0,105.0,105.0,95.0,85.0,90.0,85.0,90.0,85.0,110.0,100.0,85.0
602,Winnipeg,46602,4175.0,4125.0,4290.0,4200.0,4350.0,4520.0,4470.0,4480.0,4345.0,4275.0,4175.0,4480.0,4235.0,4330.0,4505.0,4610.0,4550.0,4725.0,4910.0,5150.0,5375.0,5300.0,5500.0,5580.0,5665.0,5590.0,5500.0,5475.0,5480.0,4410.0,4505.0,4665.0,4435.0,4470.0,4605.0,4690.0,4565.0,4555.0,4505.0,4480.0,4535.0,4640.0,4750.0,4795.0,4995.0,4915.0,4985.0,5300.0,5445.0,5695.0,5750.0,5530.0,5750.0,5670.0,5885.0,5570.0,5335.0,5520.0
603,Winkler,46603,255.0,265.0,270.0,250.0,250.0,250.0,260.0,225.0,245.0,255.0,240.0,230.0,250.0,235.0,240.0,245.0,230.0,230.0,230.0,240.0,225.0,215.0,220.0,225.0,230.0,185.0,180.0,185.0,230.0,290.0,255.0,265.0,265.0,265.0,275.0,265.0,265.0,280.0,245.0,250.0,245.0,255.0,255.0,250.0,260.0,280.0,240.0,220.0,240.0,225.0,260.0,200.0,215.0,220.0,200.0,195.0,195.0,195.0
605,Steinbach,46605,135.0,140.0,120.0,145.0,110.0,110.0,105.0,105.0,110.0,85.0,105.0,100.0,90.0,100.0,85.0,100.0,95.0,115.0,115.0,130.0,105.0,120.0,120.0,130.0,145.0,130.0,105.0,115.0,110.0,145.0,135.0,125.0,115.0,130.0,110.0,130.0,130.0,130.0,100.0,90.0,85.0,105.0,100.0,85.0,80.0,100.0,95.0,105.0,135.0,120.0,130.0,120.0,110.0,125.0,110.0,115.0,125.0,110.0
607,Portage la Prairie,46607,95.0,90.0,70.0,115.0,80.0,90.0,85.0,90.0,90.0,80.0,80.0,90.0,80.0,80.0,80.0,80.0,70.0,75.0,65.0,80.0,80.0,75.0,70.0,90.0,100.0,105.0,85.0,85.0,85.0,95.0,115.0,100.0,80.0,100.0,80.0,95.0,70.0,80.0,80.0,90.0,75.0,75.0,95.0,105.0,85.0,95.0,85.0,85.0,75.0,85.0,85.0,85.0,90.0,85.0,85.0,85.0,85.0,90.0
610,Brandon,46610,360.0,385.0,375.0,405.0,355.0,395.0,360.0,380.0,395.0,360.0,345.0,350.0,315.0,335.0,335.0,350.0,340.0,325.0,385.0,425.0,390.0,465.0,400.0,460.0,490.0,485.0,400.0,490.0,435.0,400.0,385.0,425.0,445.0,390.0,390.0,360.0,385.0,395.0,355.0,375.0,365.0,345.0,360.0,325.0,340.0,325.0,335.0,385.0,390.0,380.0,420.0,440.0,455.0,450.0,470.0,460.0,395.0,455.0
640,Thompson,46640,120.0,125.0,110.0,115.0,135.0,125.0,120.0,120.0,145.0,110.0,100.0,95.0,100.0,115.0,95.0,110.0,115.0,80.0,90.0,70.0,90.0,110.0,110.0,125.0,135.0,125.0,100.0,90.0,115.0,120.0,115.0,130.0,135.0,110.0,130.0,130.0,115.0,110.0,85.0,110.0,105.0,110.0,110.0,105.0,105.0,120.0,75.0,80.0,95.0,85.0,80.0,105.0,105.0,140.0,125.0,135.0,110.0,120.0
705,Regina,47705,1515.0,1540.0,1510.0,1510.0,1480.0,1500.0,1470.0,1490.0,1395.0,1375.0,1320.0,1350.0,1245.0,1275.0,1250.0,1315.0,1360.0,1320.0,1385.0,1475.0,1505.0,1600.0,1685.0,1725.0,1790.0,1925.0,1840.0,1750.0,1900.0,1595.0,1535.0,1585.0,1515.0,1630.0,1570.0,1610.0,1580.0,1475.0,1440.0,1360.0,1420.0,1295.0,1395.0,1360.0,1455.0,1305.0,1360.0,1510.0,1575.0,1575.0,1690.0,1755.0,1715.0,1915.0,1955.0,1875.0,1890.0,1945.0
710,Yorkton,47710,100.0,105.0,120.0,90.0,105.0,125.0,125.0,120.0,130.0,115.0,85.0,125.0,95.0,110.0,105.0,115.0,110.0,95.0,105.0,95.0,100.0,100.0,110.0,110.0,110.0,115.0,110.0,105.0,105.0,115.0,120.0,100.0,115.0,120.0,130.0,135.0,105.0,125.0,130.0,140.0,95.0,110.0,105.0,115.0,110.0,125.0,125.0,105.0,95.0,110.0,100.0,110.0,105.0,135.0,120.0,130.0,105.0,120.0
715,Moose Jaw,47715,200.0,220.0,210.0,200.0,200.0,190.0,220.0,220.0,215.0,200.0,180.0,190.0,190.0,200.0,185.0,190.0,215.0,180.0,200.0,175.0,195.0,215.0,180.0,185.0,235.0,185.0,230.0,215.0,230.0,245.0,200.0,225.0,235.0,245.0,220.0,235.0,220.0,235.0,195.0,200.0,220.0,205.0,165.0,205.0,195.0,205.0,185.0,230.0,215.0,200.0,205.0,210.0,205.0,245.0,225.0,240.0,225.0,265.0
720,Swift Current,47720,100.0,110.0,105.0,90.0,120.0,95.0,90.0,95.0,90.0,100.0,105.0,120.0,90.0,80.0,95.0,95.0,120.0,120.0,110.0,125.0,110.0,95.0,120.0,110.0,110.0,130.0,135.0,115.0,105.0,130.0,105.0,105.0,95.0,105.0,100.0,105.0,100.0,100.0,105.0,105.0,135.0,115.0,130.0,95.0,115.0,110.0,110.0,90.0,120.0,115.0,110.0,125.0,115.0,125.0,115.0,125.0,125.0,125.0
725,Saskatoon,47725,1965.0,1905.0,1840.0,1855.0,1800.0,1875.0,1850.0,1890.0,1755.0,1740.0,1695.0,1725.0,1640.0,1565.0,1640.0,1785.0,1600.0,1675.0,1940.0,1970.0,2250.0,2205.0,2255.0,2315.0,2450.0,2445.0,2515.0,2465.0,2505.0,2025.0,2040.0,2045.0,1915.0,2040.0,1950.0,1970.0,1920.0,1815.0,1815.0,1720.0,1805.0,1735.0,1720.0,1770.0,1735.0,1735.0,1775.0,1985.0,2125.0,2205.0,2300.0,2330.0,2345.0,2580.0,2500.0,2505.0,2555.0,2495.0
735,North Battleford,47735,145.0,135.0,140.0,140.0,140.0,150.0,135.0,135.0,130.0,165.0,120.0,120.0,120.0,140.0,115.0,135.0,95.0,120.0,105.0,110.0,110.0,120.0,130.0,120.0,120.0,120.0,120.0,135.0,145.0,165.0,135.0,125.0,155.0,120.0,145.0,150.0,130.0,105.0,125.0,120.0,130.0,110.0,160.0,140.0,125.0,115.0,120.0,120.0,110.0,105.0,110.0,80.0,120.0,100.0,100.0,105.0,120.0,140.0
745,Prince Albert,47745,280.0,320.0,300.0,270.0,310.0,310.0,300.0,305.0,300.0,320.0,280.0,290.0,305.0,260.0,305.0,315.0,295.0,285.0,275.0,245.0,285.0,295.0,300.0,300.0,350.0,310.0,315.0,300.0,320.0,310.0,290.0,300.0,315.0,320.0,320.0,355.0,345.0,340.0,330.0,335.0,305.0,325.0,305.0,325.0,315.0,320.0,330.0,290.0,280.0,285.0,305.0,305.0,300.0,325.0,345.0,320.0,330.0,300.0
750,Estevan,47750,95.0,95.0,80.0,100.0,90.0,90.0,95.0,75.0,110.0,90.0,80.0,70.0,85.0,65.0,60.0,95.0,80.0,95.0,75.0,85.0,70.0,80.0,70.0,95.0,85.0,85.0,110.0,95.0,95.0,110.0,80.0,90.0,70.0,75.0,75.0,85.0,85.0,85.0,80.0,80.0,85.0,90.0,85.0,75.0,80.0,100.0,95.0,80.0,85.0,100.0,75.0,130.0,110.0,115.0,115.0,140.0,100.0,115.0
755,Weyburn,47755,60.0,55.0,65.0,55.0,75.0,75.0,60.0,80.0,70.0,65.0,65.0,70.0,65.0,60.0,50.0,60.0,55.0,80.0,65.0,75.0,55.0,55.0,75.0,65.0,85.0,85.0,75.0,90.0,80.0,60.0,80.0,85.0,60.0,75.0,70.0,65.0,60.0,65.0,70.0,60.0,70.0,75.0,60.0,60.0,75.0,65.0,60.0,65.0,60.0,65.0,50.0,60.0,80.0,75.0,75.0,80.0,85.0,80.0
805,Medicine Hat,48805,470.0,450.0,435.0,425.0,465.0,465.0,465.0,520.0,455.0,440.0,475.0,450.0,445.0,465.0,450.0,445.0,440.0,445.0,430.0,435.0,435.0,375.0,410.0,435.0,485.0,485.0,465.0,465.0,510.0,445.0,435.0,500.0,490.0,470.0,535.0,510.0,525.0,520.0,485.0,485.0,465.0,445.0,410.0,460.0,455.0,475.0,490.0,430.0,460.0,450.0,460.0,370.0,465.0,500.0,460.0,480.0,445.0,465.0
806,Brooks,48806,165.0,185.0,205.0,170.0,175.0,180.0,180.0,215.0,185.0,200.0,170.0,175.0,150.0,175.0,180.0,180.0,170.0,150.0,135.0,125.0,130.0,115.0,120.0,125.0,130.0,110.0,165.0,155.0,160.0,200.0,170.0,200.0,195.0,175.0,200.0,190.0,205.0,225.0,170.0,175.0,195.0,180.0,195.0,205.0,200.0,180.0,140.0,185.0,155.0,140.0,150.0,140.0,150.0,120.0,130.0,130.0,180.0,145.0
810,Lethbridge,48810,780.0,715.0,775.0,750.0,690.0,785.0,775.0,775.0,690.0,725.0,645.0,700.0,625.0,640.0,710.0,605.0,680.0,695.0,815.0,850.0,1010.0,920.0,920.0,945.0,990.0,945.0,880.0,845.0,850.0,815.0,790.0,775.0,825.0,810.0,820.0,850.0,800.0,815.0,735.0,695.0,700.0,670.0,670.0,660.0,665.0,665.0,750.0,825.0,880.0,915.0,915.0,975.0,985.0,975.0,940.0,915.0,895.0,895.0
820,Okotoks,48820,170.0,180.0,205.0,200.0,225.0,235.0,255.0,280.0,245.0,275.0,250.0,245.0,230.0,240.0,205.0,245.0,215.0,195.0,175.0,165.0,135.0,115.0,125.0,115.0,105.0,160.0,125.0,140.0,145.0,190.0,180.0,225.0,215.0,245.0,245.0,270.0,290.0,265.0,275.0,260.0,255.0,255.0,230.0,275.0,230.0,230.0,190.0,190.0,170.0,160.0,160.0,155.0,135.0,125.0,140.0,120.0,125.0,150.0
821,High River,48821,70.0,85.0,85.0,60.0,55.0,95.0,100.0,90.0,90.0,95.0,75.0,80.0,80.0,90.0,85.0,70.0,80.0,80.0,70.0,65.0,55.0,75.0,55.0,50.0,60.0,65.0,70.0,60.0,75.0,60.0,85.0,85.0,80.0,90.0,95.0,85.0,95.0,95.0,85.0,95.0,95.0,85.0,95.0,70.0,95.0,75.0,90.0,70.0,85.0,65.0,65.0,55.0,50.0,50.0,65.0,70.0,65.0,80.0
825,Calgary,48825,8665.0,8615.0,8625.0,8725.0,8865.0,9135.0,9070.0,8930.0,8510.0,8305.0,7930.0,7990.0,7765.0,7425.0,7655.0,7770.0,7645.0,7770.0,7795.0,8075.0,8170.0,8320.0,8785.0,9335.0,10145.0,11075.0,11150.0,11245.0,11600.0,9095.0,8935.0,9240.0,9235.0,9460.0,9755.0,9500.0,9545.0,9030.0,8435.0,8545.0,8235.0,8015.0,7895.0,8095.0,7980.0,8300.0,8250.0,8210.0,8375.0,8500.0,8565.0,9115.0,9450.0,10240.0,10900.0,10900.0,10810.0,11440.0
826,Strathmore,48826,85.0,95.0,60.0,105.0,85.0,105.0,110.0,110.0,105.0,80.0,100.0,90.0,80.0,85.0,85.0,85.0,95.0,75.0,75.0,65.0,70.0,60.0,80.0,95.0,80.0,85.0,70.0,100.0,95.0,85.0,100.0,95.0,105.0,90.0,100.0,95.0,80.0,100.0,100.0,85.0,100.0,80.0,105.0,105.0,100.0,95.0,85.0,75.0,85.0,95.0,70.0,75.0,70.0,70.0,95.0,75.0,85.0,80.0
828,Canmore,48828,75.0,60.0,80.0,65.0,70.0,55.0,75.0,80.0,70.0,80.0,60.0,65.0,60.0,50.0,70.0,60.0,75.0,60.0,45.0,60.0,50.0,65.0,85.0,70.0,105.0,100.0,90.0,90.0,110.0,70.0,75.0,60.0,65.0,90.0,65.0,65.0,75.0,70.0,80.0,60.0,55.0,75.0,60.0,75.0,85.0,60.0,80.0,55.0,70.0,75.0,70.0,85.0,75.0,80.0,100.0,95.0,95.0,95.0
830,Red Deer,48830,595.0,640.0,620.0,620.0,605.0,625.0,680.0,645.0,640.0,610.0,535.0,525.0,615.0,530.0,595.0,585.0,570.0,550.0,615.0,685.0,675.0,670.0,730.0,780.0,765.0,795.0,775.0,810.0,870.0,640.0,620.0,690.0,670.0,640.0,715.0,665.0,700.0,650.0,570.0,585.0,580.0,595.0,605.0,605.0,590.0,605.0,650.0,665.0,655.0,670.0,675.0,735.0,765.0,815.0,825.0,810.0,815.0,940.0
831,Sylvan Lake,48831,135.0,110.0,125.0,115.0,120.0,120.0,110.0,125.0,85.0,95.0,95.0,105.0,110.0,110.0,85.0,100.0,115.0,110.0,85.0,75.0,95.0,90.0,100.0,125.0,125.0,115.0,115.0,115.0,135.0,110.0,110.0,135.0,120.0,135.0,125.0,145.0,125.0,105.0,105.0,115.0,105.0,90.0,95.0,115.0,110.0,95.0,100.0,95.0,80.0,85.0,90.0,115.0,95.0,125.0,135.0,135.0,135.0,145.0
832,Lacombe,48832,90.0,65.0,80.0,85.0,90.0,95.0,105.0,105.0,85.0,80.0,70.0,85.0,100.0,90.0,90.0,85.0,105.0,80.0,80.0,75.0,85.0,60.0,75.0,75.0,90.0,70.0,85.0,75.0,100.0,80.0,85.0,85.0,95.0,95.0,120.0,95.0,110.0,95.0,90.0,95.0,90.0,80.0,95.0,85.0,110.0,85.0,85.0,80.0,90.0,75.0,85.0,70.0,80.0,65.0,75.0,95.0,85.0,85.0
833,Camrose,48833,105.0,105.0,100.0,95.0,110.0,115.0,110.0,115.0,100.0,85.0,95.0,105.0,105.0,95.0,90.0,95.0,100.0,115.0,100.0,125.0,120.0,120.0,130.0,120.0,120.0,120.0,100.0,125.0,130.0,115.0,130.0,110.0,110.0,100.0,105.0,115.0,130.0,115.0,90.0,95.0,80.0,115.0,90.0,100.0,110.0,105.0,100.0,115.0,115.0,125.0,130.0,125.0,130.0,130.0,135.0,115.0,145.0,110.0
835,Edmonton,48835,8285.0,8210.0,8205.0,8310.0,8260.0,8360.0,8280.0,8190.0,7885.0,7340.0,7380.0,7260.0,7180.0,6975.0,7130.0,7275.0,7290.0,7430.0,7650.0,8330.0,8665.0,9010.0,9545.0,9715.0,10255.0,10605.0,10820.0,10910.0,11045.0,8815.0,8710.0,8625.0,8675.0,8595.0,8710.0,8620.0,8600.0,8220.0,7855.0,7675.0,7820.0,7565.0,7330.0,7525.0,7800.0,7740.0,7610.0,8245.0,8745.0,9110.0,9480.0,9550.0,10195.0,10870.0,11105.0,11290.0,11010.0,11170.0
840,Lloydminster,48840,240.0,260.0,280.0,250.0,255.0,255.0,290.0,255.0,275.0,245.0,235.0,240.0,220.0,235.0,220.0,190.0,220.0,195.0,230.0,210.0,225.0,230.0,235.0,260.0,295.0,300.0,325.0,310.0,325.0,290.0,285.0,275.0,245.0,275.0,285.0,310.0,265.0,270.0,255.0,260.0,215.0,250.0,220.0,205.0,240.0,240.0,205.0,205.0,220.0,220.0,235.0,245.0,265.0,310.0,310.0,325.0,275.0,335.0
845,Cold Lake,48845,125.0,130.0,140.0,140.0,100.0,135.0,130.0,100.0,95.0,100.0,110.0,85.0,90.0,75.0,60.0,70.0,80.0,80.0,80.0,75.0,85.0,95.0,125.0,155.0,145.0,150.0,160.0,180.0,150.0,115.0,120.0,140.0,115.0,125.0,135.0,130.0,120.0,110.0,110.0,90.0,90.0,80.0,75.0,95.0,85.0,80.0,80.0,105.0,100.0,110.0,105.0,130.0,145.0,175.0,215.0,215.0,200.0,165.0
850,Grande Prairie,48850,550.0,500.0,495.0,510.0,445.0,450.0,450.0,460.0,445.0,405.0,370.0,405.0,320.0,385.0,360.0,330.0,355.0,350.0,380.0,415.0,440.0,485.0,510.0,570.0,620.0,645.0,625.0,645.0,665.0,550.0,525.0,490.0,520.0,480.0,485.0,505.0,445.0,450.0,415.0,390.0,385.0,360.0,365.0,365.0,390.0,360.0,350.0,385.0,400.0,495.0,520.0,590.0,650.0,640.0,770.0,630.0,645.0,700.0
860,Wood Buffalo,48860,620.0,580.0,620.0,540.0,525.0,480.0,495.0,450.0,410.0,350.0,375.0,375.0,355.0,320.0,355.0,325.0,320.0,345.0,335.0,360.0,390.0,440.0,480.0,590.0,660.0,795.0,790.0,765.0,830.0,650.0,670.0,640.0,560.0,505.0,505.0,555.0,460.0,425.0,410.0,400.0,410.0,365.0,385.0,375.0,400.0,385.0,370.0,390.0,380.0,485.0,445.0,510.0,615.0,695.0,805.0,810.0,855.0,890.0
865,Wetaskiwin,48865,60.0,75.0,55.0,95.0,90.0,70.0,65.0,75.0,80.0,80.0,90.0,65.0,70.0,65.0,70.0,65.0,70.0,75.0,80.0,70.0,65.0,65.0,70.0,65.0,60.0,80.0,85.0,75.0,80.0,90.0,95.0,65.0,100.0,90.0,90.0,85.0,90.0,60.0,70.0,95.0,90.0,75.0,70.0,65.0,90.0,85.0,80.0,60.0,70.0,80.0,75.0,70.0,65.0,75.0,80.0,80.0,75.0,75.0
905,Cranbrook,59905,110.0,130.0,115.0,125.0,130.0,145.0,150.0,140.0,140.0,155.0,140.0,125.0,150.0,140.0,120.0,155.0,130.0,150.0,150.0,145.0,140.0,130.0,120.0,110.0,140.0,115.0,130.0,125.0,155.0,145.0,115.0,115.0,145.0,135.0,155.0,140.0,160.0,155.0,145.0,125.0,145.0,140.0,150.0,145.0,160.0,175.0,165.0,180.0,155.0,165.0,125.0,160.0,120.0,130.0,135.0,110.0,140.0,140.0
907,Nelson,59907,75.0,80.0,80.0,80.0,90.0,105.0,80.0,100.0,95.0,90.0,105.0,80.0,90.0,75.0,115.0,105.0,90.0,100.0,95.0,75.0,95.0,75.0,90.0,90.0,80.0,95.0,105.0,95.0,95.0,80.0,70.0,85.0,80.0,95.0,105.0,110.0,90.0,90.0,90.0,105.0,110.0,110.0,100.0,90.0,105.0,100.0,95.0,100.0,120.0,70.0,110.0,70.0,80.0,90.0,95.0,85.0,80.0,100.0
913,Penticton,59913,115.0,160.0,150.0,170.0,170.0,190.0,190.0,170.0,180.0,170.0,160.0,175.0,170.0,200.0,220.0,235.0,210.0,210.0,205.0,195.0,180.0,170.0,170.0,165.0,170.0,195.0,175.0,190.0,210.0,170.0,150.0,165.0,150.0,155.0,170.0,180.0,205.0,180.0,205.0,160.0,195.0,195.0,200.0,190.0,235.0,200.0,220.0,210.0,190.0,240.0,175.0,170.0,200.0,215.0,180.0,150.0,175.0,190.0
915,Kelowna,59915,820.0,820.0,835.0,850.0,920.0,950.0,1035.0,930.0,955.0,970.0,915.0,935.0,985.0,915.0,990.0,1005.0,1000.0,1055.0,1050.0,1200.0,1210.0,1215.0,1120.0,1130.0,1185.0,1170.0,1120.0,1110.0,1180.0,850.0,885.0,885.0,920.0,875.0,970.0,960.0,1025.0,950.0,950.0,910.0,940.0,960.0,1010.0,975.0,1045.0,1060.0,1110.0,1190.0,1190.0,1270.0,1270.0,1255.0,1225.0,1205.0,1265.0,1165.0,1145.0,1190.0
918,Vernon,59918,230.0,245.0,260.0,270.0,240.0,310.0,305.0,305.0,310.0,280.0,310.0,285.0,315.0,335.0,310.0,295.0,355.0,320.0,295.0,330.0,300.0,280.0,265.0,295.0,265.0,265.0,275.0,275.0,270.0,250.0,275.0,290.0,280.0,295.0,305.0,310.0,290.0,295.0,300.0,305.0,300.0,305.0,330.0,320.0,350.0,330.0,340.0,350.0,310.0,325.0,305.0,275.0,275.0,295.0,310.0,325.0,275.0,300.0
920,Salmon Arm,59920,60.0,60.0,95.0,80.0,60.0,95.0,95.0,100.0,85.0,100.0,100.0,95.0,90.0,95.0,95.0,90.0,100.0,100.0,70.0,95.0,65.0,80.0,80.0,70.0,65.0,80.0,85.0,75.0,90.0,85.0,65.0,80.0,90.0,90.0,90.0,90.0,95.0,95.0,105.0,90.0,105.0,90.0,110.0,90.0,100.0,110.0,100.0,80.0,95.0,95.0,80.0,75.0,65.0,75.0,90.0,75.0,80.0,55.0
925,Kamloops,59925,515.0,460.0,495.0,540.0,515.0,515.0,510.0,555.0,500.0,505.0,495.0,530.0,495.0,545.0,480.0,525.0,580.0,595.0,575.0,660.0,590.0,685.0,620.0,675.0,675.0,620.0,640.0,645.0,650.0,515.0,500.0,525.0,535.0,490.0,555.0,600.0,545.0,585.0,535.0,560.0,520.0,590.0,550.0,535.0,550.0,600.0,620.0,645.0,635.0,675.0,695.0,670.0,725.0,740.0,725.0,680.0,710.0,700.0
930,Chilliwack,59930,520.0,575.0,565.0,635.0,575.0,595.0,620.0,650.0,625.0,615.0,610.0,605.0,520.0,615.0,560.0,585.0,585.0,635.0,600.0,530.0,595.0,495.0,540.0,560.0,520.0,505.0,565.0,520.0,550.0,575.0,555.0,660.0,595.0,610.0,715.0,655.0,660.0,665.0,645.0,635.0,650.0,610.0,615.0,585.0,615.0,590.0,610.0,625.0,605.0,655.0,570.0,545.0,585.0,560.0,560.0,525.0,515.0,545.0
932,Abbotsford - Mission,59932,1005.0,1075.0,1035.0,1105.0,1120.0,1070.0,1090.0,1135.0,1090.0,1055.0,1105.0,1065.0,1015.0,1065.0,1050.0,1125.0,1130.0,1105.0,1070.0,1175.0,1095.0,1065.0,1115.0,1105.0,1075.0,1170.0,1165.0,1175.0,1140.0,1040.0,1105.0,1110.0,1210.0,1155.0,1180.0,1245.0,1185.0,1170.0,1140.0,1165.0,1190.0,1190.0,1115.0,1140.0,1190.0,1120.0,1120.0,1260.0,1200.0,1200.0,1140.0,1215.0,1140.0,1210.0,1190.0,1110.0,1150.0,1195.0
933,Vancouver,59933,11095.0,11190.0,11530.0,11360.0,11415.0,11845.0,12120.0,12140.0,11825.0,11735.0,11885.0,11945.0,12065.0,12135.0,12820.0,13285.0,13585.0,14270.0,15140.0,15885.0,16060.0,16115.0,16640.0,17190.0,17650.0,18425.0,18270.0,18255.0,18035.0,11950.0,11805.0,12355.0,12105.0,12235.0,12685.0,12860.0,12860.0,12740.0,12505.0,12545.0,12695.0,12825.0,12775.0,13740.0,14120.0,14330.0,14775.0,16230.0,16700.0,17070.0,17000.0,17180.0,17425.0,17780.0,18120.0,18090.0,17615.0,17700.0
934,Squamish,59934,145.0,150.0,150.0,155.0,145.0,160.0,125.0,135.0,125.0,110.0,115.0,105.0,105.0,85.0,85.0,90.0,90.0,90.0,90.0,85.0,85.0,85.0,90.0,105.0,85.0,100.0,110.0,125.0,145.0,130.0,165.0,155.0,145.0,175.0,160.0,165.0,115.0,135.0,130.0,95.0,95.0,110.0,105.0,125.0,105.0,120.0,90.0,95.0,105.0,105.0,120.0,110.0,105.0,110.0,135.0,100.0,115.0,145.0
935,Victoria,59935,1540.0,1590.0,1570.0,1600.0,1615.0,1545.0,1605.0,1605.0,1570.0,1570.0,1645.0,1640.0,1595.0,1545.0,1705.0,1800.0,1675.0,1850.0,2155.0,2285.0,2415.0,2495.0,2390.0,2445.0,2455.0,2410.0,2340.0,2400.0,2425.0,1580.0,1570.0,1600.0,1610.0,1545.0,1710.0,1745.0,1670.0,1650.0,1705.0,1670.0,1645.0,1635.0,1630.0,1635.0,1800.0,1795.0,1830.0,2105.0,2375.0,2465.0,2515.0,2490.0,2465.0,2425.0,2450.0,2440.0,2315.0,2380.0
937,Duncan,59937,190.0,190.0,245.0,205.0,195.0,245.0,215.0,260.0,250.0,245.0,205.0,215.0,270.0,235.0,245.0,230.0,235.0,265.0,210.0,190.0,185.0,180.0,185.0,180.0,210.0,235.0,225.0,180.0,185.0,210.0,200.0,225.0,240.0,180.0,250.0,225.0,270.0,235.0,245.0,240.0,205.0,230.0,240.0,240.0,275.0,240.0,255.0,205.0,225.0,225.0,205.0,175.0,200.0,190.0,230.0,200.0,215.0,195.0
938,Nanaimo,59938,465.0,470.0,500.0,485.0,510.0,500.0,540.0,510.0,535.0,520.0,460.0,485.0,480.0,495.0,480.0,520.0,515.0,565.0,570.0,630.0,605.0,605.0,600.0,635.0,630.0,600.0,615.0,635.0,595.0,480.0,530.0,485.0,515.0,535.0,585.0,545.0,585.0,520.0,510.0,515.0,505.0,495.0,480.0,510.0,565.0,595.0,575.0,590.0,580.0,610.0,635.0,655.0,630.0,645.0,650.0,640.0,625.0,580.0
939,Parksville,59939,65.0,50.0,85.0,65.0,75.0,80.0,75.0,80.0,95.0,85.0,95.0,85.0,90.0,85.0,85.0,120.0,135.0,100.0,75.0,80.0,85.0,85.0,80.0,75.0,65.0,85.0,65.0,70.0,65.0,60.0,70.0,85.0,90.0,80.0,75.0,100.0,85.0,75.0,95.0,85.0,110.0,90.0,105.0,125.0,130.0,110.0,115.0,130.0,100.0,115.0,85.0,95.0,85.0,70.0,70.0,65.0,70.0,80.0
940,Port Alberni,59940,120.0,105.0,110.0,130.0,130.0,115.0,150.0,130.0,150.0,130.0,120.0,140.0,130.0,110.0,125.0,140.0,155.0,130.0,130.0,105.0,110.0,110.0,105.0,90.0,110.0,140.0,130.0,95.0,120.0,115.0,120.0,115.0,110.0,125.0,160.0,110.0,100.0,145.0,125.0,125.0,130.0,120.0,160.0,125.0,155.0,120.0,165.0,135.0,160.0,120.0,115.0,130.0,140.0,105.0,115.0,110.0,100.0,120.0
943,Courtenay,59943,200.0,240.0,230.0,240.0,230.0,245.0,245.0,240.0,260.0,255.0,230.0,235.0,250.0,250.0,270.0,275.0,300.0,280.0,255.0,235.0,235.0,235.0,195.0,210.0,190.0,230.0,225.0,225.0,240.0,200.0,200.0,240.0,250.0,275.0,285.0,265.0,285.0,240.0,250.0,275.0,225.0,280.0,280.0,250.0,280.0,280.0,300.0,290.0,260.0,230.0,235.0,240.0,255.0,240.0,210.0,220.0,205.0,205.0
944,Campbell River,59944,175.0,175.0,160.0,170.0,195.0,225.0,210.0,225.0,180.0,190.0,175.0,205.0,200.0,195.0,165.0,240.0,205.0,200.0,175.0,195.0,190.0,160.0,175.0,190.0,190.0,175.0,180.0,180.0,215.0,185.0,200.0,190.0,195.0,195.0,195.0,240.0,230.0,190.0,200.0,195.0,195.0,195.0,220.0,200.0,220.0,220.0,225.0,210.0,210.0,190.0,175.0,160.0,180.0,210.0,180.0,195.0,185.0,215.0
945,Powell River,59945,60.0,65.0,65.0,65.0,75.0,65.0,75.0,75.0,60.0,70.0,75.0,85.0,90.0,80.0,80.0,75.0,80.0,95.0,60.0,65.0,75.0,60.0,50.0,45.0,50.0,60.0,65.0,65.0,75.0,80.0,75.0,75.0,65.0,75.0,80.0,75.0,80.0,80.0,70.0,70.0,80.0,75.0,85.0,90.0,80.0,110.0,80.0,75.0,75.0,75.0,55.0,65.0,60.0,60.0,65.0,75.0,65.0,85.0
950,Williams Lake,59950,100.0,85.0,100.0,75.0,100.0,90.0,100.0,105.0,100.0,105.0,110.0,85.0,100.0,105.0,100.0,105.0,95.0,95.0,100.0,90.0,105.0,105.0,125.0,85.0,125.0,115.0,100.0,110.0,90.0,105.0,110.0,110.0,135.0,120.0,100.0,105.0,110.0,90.0,110.0,100.0,105.0,100.0,105.0,105.0,95.0,120.0,115.0,110.0,100.0,110.0,110.0,110.0,130.0,105.0,125.0,120.0,90.0,110.0
952,Quesnel,59952,95.0,100.0,115.0,115.0,120.0,125.0,135.0,155.0,140.0,135.0,130.0,130.0,115.0,120.0,115.0,135.0,145.0,115.0,130.0,145.0,110.0,120.0,110.0,95.0,105.0,110.0,115.0,135.0,125.0,115.0,95.0,110.0,120.0,125.0,170.0,135.0,155.0,120.0,125.0,120.0,125.0,120.0,125.0,125.0,150.0,155.0,145.0,130.0,135.0,125.0,125.0,120.0,125.0,110.0,115.0,105.0,120.0,130.0
955,Prince Rupert,59955,60.0,75.0,70.0,70.0,70.0,80.0,75.0,100.0,80.0,75.0,60.0,80.0,85.0,90.0,70.0,95.0,80.0,90.0,75.0,65.0,65.0,65.0,80.0,80.0,85.0,90.0,80.0,90.0,75.0,60.0,80.0,55.0,70.0,95.0,100.0,85.0,75.0,80.0,70.0,75.0,95.0,70.0,95.0,85.0,70.0,85.0,90.0,90.0,80.0,95.0,75.0,90.0,95.0,75.0,90.0,100.0,90.0,95.0
965,Terrace,59965,85.0,80.0,110.0,95.0,95.0,80.0,95.0,90.0,100.0,85.0,95.0,105.0,80.0,90.0,95.0,95.0,100.0,90.0,95.0,85.0,110.0,100.0,95.0,110.0,105.0,105.0,115.0,100.0,115.0,90.0,105.0,125.0,75.0,95.0,90.0,105.0,95.0,110.0,95.0,125.0,85.0,85.0,95.0,95.0,100.0,100.0,100.0,110.0,115.0,115.0,110.0,105.0,105.0,90.0,140.0,110.0,125.0,120.0
970,Prince George,59970,495.0,470.0,495.0,450.0,490.0,545.0,510.0,515.0,520.0,440.0,485.0,530.0,470.0,470.0,505.0,475.0,535.0,525.0,560.0,555.0,585.0,560.0,590.0,640.0,645.0,615.0,555.0,620.0,560.0,470.0,470.0,520.0,565.0,530.0,570.0,535.0,545.0,550.0,545.0,530.0,490.0,510.0,500.0,475.0,555.0,580.0,550.0,585.0,620.0,645.0,645.0,620.0,630.0,660.0,615.0,615.0,630.0,600.0
975,Dawson Creek,59975,90.0,90.0,100.0,80.0,65.0,70.0,65.0,90.0,75.0,70.0,70.0,55.0,70.0,65.0,55.0,65.0,75.0,70.0,95.0,70.0,75.0,95.0,95.0,130.0,125.0,90.0,100.0,130.0,115.0,80.0,85.0,115.0,80.0,95.0,80.0,80.0,65.0,80.0,70.0,60.0,60.0,75.0,55.0,65.0,60.0,90.0,80.0,95.0,100.0,105.0,105.0,95.0,95.0,115.0,115.0,130.0,110.0,90.0
977,Fort St. John,59977,200.0,215.0,200.0,210.0,210.0,210.0,205.0,220.0,190.0,180.0,180.0,175.0,175.0,135.0,155.0,190.0,155.0,165.0,155.0,155.0,180.0,205.0,260.0,250.0,235.0,250.0,270.0,245.0,270.0,220.0,240.0,200.0,210.0,220.0,215.0,225.0,235.0,210.0,190.0,180.0,185.0,185.0,195.0,180.0,180.0,175.0,180.0,170.0,170.0,195.0,230.0,245.0,270.0,250.0,310.0,315.0,265.0,280.0
990,Whitehorse,60990,170.0,150.0,130.0,175.0,175.0,140.0,150.0,165.0,175.0,150.0,165.0,160.0,145.0,145.0,155.0,155.0,145.0,175.0,150.0,135.0,145.0,145.0,160.0,170.0,185.0,205.0,220.0,240.0,225.0,170.0,185.0,200.0,190.0,185.0,180.0,180.0,180.0,180.0,190.0,160.0,180.0,180.0,165.0,160.0,160.0,165.0,165.0,155.0,160.0,155.0,170.0,170.0,185.0,230.0,190.0,200.0,185.0,225.0
995,Yellowknife,61995,125.0,120.0,140.0,120.0,130.0,140.0,125.0,130.0,120.0,140.0,115.0,115.0,115.0,120.0,120.0,125.0,105.0,100.0,100.0,135.0,125.0,150.0,120.0,140.0,165.0,160.0,155.0,160.0,200.0,160.0,165.0,115.0,160.0,135.0,135.0,130.0,120.0,155.0,135.0,115.0,115.0,110.0,105.0,120.0,130.0,105.0,135.0,115.0,140.0,165.0,160.0,150.0,135.0,155.0,175.0,165.0,170.0,170.0
13330,Campbellton (New Brunswick part),1333013,35.0,40.0,45.0,45.0,45.0,45.0,50.0,55.0,55.0,60.0,55.0,65.0,65.0,65.0,50.0,65.0,55.0,65.0,55.0,65.0,70.0,50.0,75.0,75.0,70.0,60.0,65.0,60.0,55.0,55.0,55.0,35.0,40.0,70.0,50.0,60.0,70.0,55.0,55.0,60.0,55.0,60.0,60.0,55.0,75.0,50.0,70.0,65.0,60.0,80.0,60.0,80.0,60.0,75.0,45.0,65.0,55.0,50.0
24330,Campbellton (Quebec part),1333024,5.0,25.0,20.0,10.0,15.0,20.0,15.0,20.0,30.0,15.0,15.0,15.0,15.0,20.0,20.0,20.0,10.0,15.0,25.0,10.0,15.0,10.0,10.0,20.0,15.0,15.0,10.0,15.0,15.0,10.0,15.0,20.0,20.0,20.0,25.0,15.0,20.0,20.0,15.0,20.0,30.0,15.0,10.0,15.0,20.0,10.0,5.0,10.0,15.0,10.0,10.0,15.0,10.0,5.0,10.0,20.0,20.0,15.0
24502,Hawkesbury (Quebec part),3550224,15.0,10.0,10.0,5.0,15.0,10.0,10.0,15.0,10.0,10.0,15.0,5.0,10.0,10.0,15.0,15.0,20.0,5.0,5.0,10.0,10.0,10.0,10.0,15.0,10.0,5.0,5.0,10.0,15.0,15.0,5.0,10.0,10.0,15.0,15.0,15.0,10.0,15.0,10.0,10.0,5.0,5.0,5.0,10.0,5.0,10.0,10.0,10.0,10.0,10.0,5.0,10.0,15.0,10.0,15.0,10.0,10.0,5.0
24505,Ottawa - Gatineau (Quebec part),3550524,1970.0,2005.0,2030.0,2125.0,2075.0,2165.0,2195.0,2135.0,2035.0,1970.0,1875.0,1855.0,1820.0,1750.0,1770.0,1840.0,1850.0,1965.0,1810.0,1970.0,2000.0,2115.0,2140.0,2250.0,2260.0,2215.0,2035.0,1970.0,2060.0,2015.0,2115.0,2115.0,2150.0,2150.0,2270.0,2285.0,2205.0,2185.0,2110.0,1945.0,1970.0,1910.0,1880.0,1835.0,1890.0,1890.0,1875.0,2020.0,2010.0,2025.0,2115.0,2160.0,2175.0,2170.0,2125.0,1980.0,2005.0,1980.0
35502,Hawkesbury (Ontario part),3550235,35.0,40.0,35.0,35.0,45.0,50.0,50.0,50.0,45.0,35.0,40.0,40.0,45.0,55.0,45.0,45.0,50.0,45.0,40.0,50.0,65.0,40.0,50.0,50.0,50.0,55.0,50.0,35.0,40.0,30.0,35.0,40.0,50.0,35.0,40.0,55.0,40.0,50.0,50.0,50.0,60.0,55.0,40.0,55.0,55.0,55.0,35.0,45.0,55.0,40.0,55.0,45.0,55.0,45.0,45.0,45.0,40.0,45.0
35505,Ottawa - Gatineau (Ontario part),3550535,5015.0,5145.0,5295.0,5325.0,5365.0,5515.0,5730.0,5820.0,5685.0,5510.0,5590.0,5665.0,5585.0,5455.0,5565.0,5780.0,5680.0,6200.0,6745.0,7010.0,7360.0,7065.0,7070.0,6960.0,6980.0,6800.0,6745.0,6445.0,6500.0,5065.0,5290.0,5385.0,5605.0,5750.0,5830.0,5800.0,5940.0,5890.0,5675.0,5810.0,5925.0,5775.0,5670.0,5710.0,5940.0,6035.0,6320.0,6815.0,7195.0,7525.0,7245.0,7190.0,7075.0,6990.0,6875.0,6460.0,6365.0,6370.0
47840,Lloydminster (Saskatchewan part),4884047,115.0,120.0,130.0,125.0,125.0,125.0,125.0,120.0,100.0,110.0,95.0,100.0,90.0,100.0,105.0,75.0,90.0,85.0,95.0,90.0,115.0,125.0,130.0,140.0,150.0,155.0,175.0,150.0,150.0,145.0,135.0,110.0,120.0,120.0,125.0,150.0,120.0,120.0,115.0,90.0,90.0,120.0,90.0,95.0,95.0,110.0,95.0,85.0,120.0,120.0,115.0,150.0,165.0,170.0,160.0,160.0,150.0,175.0
48840,Lloydminster (Alberta part),4884048,125.0,140.0,150.0,125.0,130.0,130.0,170.0,140.0,170.0,140.0,135.0,140.0,130.0,135.0,110.0,120.0,125.0,110.0,135.0,120.0,110.0,110.0,110.0,120.0,150.0,140.0,155.0,160.0,170.0,145.0,150.0,160.0,120.0,155.0,160.0,160.0,145.0,150.0,135.0,165.0,125.0,130.0,130.0,115.0,140.0,130.0,110.0,125.0,105.0,95.0,115.0,100.0,105.0,140.0,150.0,165.0,125.0,160.0
