fid,Shape_Leng,Shape_Area,ADM2_EN,ADM2_PCODE,ADM2_REF,ADM2ALT1EN,ADM2ALT2EN,ADM1_EN,ADM1_PCODE,ADM0_EN,ADM0_PCODE,date,validOn,validTo,F_25_to_29sum,M_5_to_9sum,F_5_to_9sum,F_10_to_14sum,M_30_to_34sum,M_25_to_29sum,F_20_to_24sum,F_35_to_39sum,F_15_to_19sum,M_35_to_39sum,F_1_to_4sum,M_10_to_14sum,M_15_to_19sum,M_20_to_24sum,F_30_to_34sum,M_1_to_4sum,F_0_to_1sum,M_0_to_1sum,Area
"1",2.7129334044,0.223823529459,Abim,UG3064,,,,Northern,UG3,Uganda,UG,2020/06/11,2020/08/24,,6204.15815087291,12569.8015840971,11473.9399414742,9911.07638859563,5501.9728585924,5866.96068191389,8885.70128336176,3416.05368139746,8911.66656676773,3734.25779444352,11288.5533554805,10286.802571414,8489.30819110153,7890.93266889197,4696.57965695718,11331.6426338297,2972.60483539756,2201.40392672434,275206.143769508
"2",2.71110981687,0.253353214549,Adjumani,UG3065,,,,Northern,UG3,Uganda,UG,2020/06/11,2020/08/24,,9883.48359175376,19146.548584769,18812.2247324805,16629.7247591394,7997.46839655691,8880.11811448308,12679.8938339609,6192.06953653682,15502.6525778412,6044.67758086568,17383.2144111325,17167.3586324584,17360.6018445988,11089.5463795622,7353.9729032953,16692.5821490092,3909.27823897259,4294.12384194171,311372.667884684
"3",3.13289101349,0.285815844062,Agago,UG3066,,,,Northern,UG3,Uganda,UG,2020/06/11,2020/08/24,,9480.16859697248,19697.6573690521,18644.7007540488,14759.3279970293,7950.19002797431,9978.6492268953,14180.2057458526,6442.40188069362,14928.7460792316,6386.17680975399,18432.4848632505,15394.1005165172,15017.5652261102,11887.4434023097,7846.52171177976,18572.6142754559,4689.57917503396,4831.91352019506,351369.389052066
"4",2.87571126041,0.126491803833,Alebtong,UG3067,,,,Northern,UG3,Uganda,UG,2020/06/11,2020/08/24,,9121.6013476965,20374.9558522273,21241.7884108648,15582.1670338809,7586.58127506869,8835.18773331121,12902.1543523949,6708.31231395341,13341.3588015018,6536.78296951484,21310.6903211549,17943.8678622385,13932.5106201833,10292.9219243359,7456.0580190029,21016.4676458985,5463.3743686513,5770.72916868608,155580.858091398
"5",1.8897940495,0.145958766001,Amolatar,UG3068,,,,Northern,UG3,Uganda,UG,2020/06/11,2020/08/24,,6837.02724775579,14212.7522243075,14583.1607863773,10359.5877019092,6065.37671835069,7507.7248743251,7752.33153733611,4740.0036421502,9535.40098566934,5593.63460060861,13809.2031983659,10170.5939762481,9327.70664265566,6243.23458313942,5389.56561129354,15415.7177994661,4281.7835098803,4053.48551778123,179591.608475998
"6",2.82592116953,0.132668001079,Amudat,UG3069,,,,Northern,UG3,Uganda,UG,2020/06/11,2020/08/24,,5803.42664579861,12496.8899434404,10357.6378356507,9171.6474069315,5929.99674694752,6129.24798670923,7942.61714816932,2904.06324317888,7488.78511313349,3871.81283188798,9402.36769138509,11427.5525024077,8994.14403810631,7507.07761807274,4964.3576469454,10619.9864880261,2042.51848640339,2202.80964128126,163222.021335694
"7",2.65959006268,0.112382613228,Amuria,UG2027,,,,Eastern,UG2,Uganda,UG,2020/06/11,2020/08/24,,8551.1725731967,19071.8930684384,18617.522534851,12640.8362951744,6396.6246166667,7665.50919959415,10992.9184589665,5768.05008293875,11081.3922866751,6035.79764718283,17968.6310465112,13585.7810945325,9672.46983029228,8210.30659205187,6280.34643700905,18537.5249335486,5162.99270118773,5551.38330545928,138249.659320176
"8",4.619184698,0.292045431983,Amuru,UG3070,,,,Northern,UG3,Uganda,UG,2020/06/11,2020/08/24,,9795.14410069189,18528.5823879049,17152.1007110525,12937.4081233796,7973.56102334813,8699.59641397058,11519.5379150887,5199.51474580873,10666.8174260881,6474.1989604336,17024.3212962747,13541.0867766941,10646.4575559349,9701.91409833031,7274.87117382174,17538.5306939916,4409.52474047814,5025.67308205098,358982.35591566
"9",2.30967552218,0.145564551678,Apac,UG3071,,,,Northern,UG3,Uganda,UG,2020/06/11,2020/08/24,,8698.47692253394,17975.5372453071,17687.3600385459,13986.3366845297,8078.78891765233,8115.04787095403,10708.6772150174,5043.9498734423,11994.1907259431,5676.93930141185,17492.6568753952,14441.1727305921,11825.5727295047,8729.91712831752,6741.42622376699,17169.8982087281,4906.67352491291,4938.09095146833,179082.988359947
"10",3.16319067253,0.188680135395,Arua,UG3072,,,,Northern,UG3,Uganda,UG,2020/06/11,2020/08/24,,33882.5164040145,57363.4629258933,57493.228239689,49406.5443094615,22603.9401697339,27626.5118353036,37099.1853724034,21578.6174097294,46451.0437605139,18210.8442804525,53219.6906923996,48485.5082602967,43959.205520316,31935.1543719377,23655.4028972751,53779.0680460781,14466.7478103279,13925.2105953025,231928.542017704
"11",0.936453266754,0.0333995862684,Budaka,UG2028,,,,Eastern,UG2,Uganda,UG,2020/06/11,2020/08/24,,8872.59244940802,21087.5357421562,20296.8601431921,16230.483407706,7786.58691934682,7762.47346488945,10584.01401411,6041.46688539349,13992.0228494294,6334.93665722571,21118.307555899,15985.7492118701,13170.3110678606,8249.10362681188,8065.89258505777,19769.4489908889,5140.47479951568,5248.92842103913,41104.9267287553
"12",0.901825092459,0.025791133471,Bududa,UG2029,,,,Eastern,UG2,Uganda,UG,2020/06/11,2020/08/24,,9697.79312956892,21320.1838409863,22051.4644696116,18326.2558897398,9214.06963633001,8729.61659021676,11072.1551610995,5701.4915314652,14526.8994502053,6875.60173800867,20131.4203715101,18529.6702709235,15076.6898741908,12845.82162093,6881.32236048579,19896.049558185,4729.49767628871,4732.5275666425,31741.4728736648
"13",1.59758156181,0.0856038952172,Bugiri,UG2030,,,,Eastern,UG2,Uganda,UG,2020/06/11,2020/08/24,,18409.4255119152,38416.0051093623,37264.3479834273,27603.0675222501,14832.4670005608,16753.5872903839,22698.5410755426,11186.7455611341,24337.8503494374,10512.2132645417,39247.1023055911,28739.4361480922,23253.8350812048,18645.3935457207,13862.9484341461,39925.6105194539,10698.245955687,10689.0547447708,105365.892721969
"14",0.987886113746,0.0307988836924,Bugweri,UG2031,,,,Eastern,UG2,Uganda,UG,2020/06/11,2020/08/24,,7029.76548341289,17355.1786925048,17058.0346659869,13934.5328446031,5515.29068014026,6295.9811957553,9304.00391926616,5147.00955655426,10143.5000895709,4628.31048080698,17741.5700903833,14029.5547591373,9089.50446467847,6453.87877171487,5994.66621688381,15591.5106194243,4016.67060963809,4017.21888203546,37908.314767818
"15",1.29028857742,0.0558239182382,Buhweju,UG4101,,,,Western,UG4,Uganda,UG,2020/06/11,2020/08/24,,4772.23761832714,12051.1812345609,12488.1248537283,10918.0025542714,4295.35411917605,4447.52437593136,6633.55423462205,3115.8644188405,7474.6996426126,3628.53152219346,10327.8740644753,11276.219134016,7769.48568687402,5497.98377939407,4351.05324064335,10650.3142390046,2896.0804281123,2953.01431215601,68712.9236474783
"16",1.68952594059,0.118060879957,Buikwe,UG1001,,,,Central,UG1,Uganda,UG,2020/06/11,2020/08/24,,17815.2625798294,39960.953932846,39709.3625345025,34697.5817022938,15412.9484113473,18564.4013431016,23645.6285513807,11329.837623829,29307.7202465907,12211.8400145154,34585.7680583242,34521.7484373879,28231.8907607943,20583.5764397355,13495.2366147265,33994.6306701638,8382.63844787283,9078.08613455435,145319.675523702
"17",1.50321010711,0.0853348503717,Bukedea,UG2032,,,,Eastern,UG2,Uganda,UG,2020/06/11,2020/08/24,,8711.0028682109,19811.9608259778,19005.1943158023,14469.5558583597,6992.38492251514,8095.98120743036,10804.1186568588,6126.85607427033,12136.0318933418,6019.00298502343,18122.6133334432,15063.051682042,12534.7713498818,8559.61992274132,7087.46958086733,19197.2632228509,5441.02684045071,5639.56325873337,105010.218820308
"18",0.975527911527,0.0487315013573,Bukomansimbi,UG1002,,,,Central,UG1,Uganda,UG,2020/06/11,2020/08/24,,4571.36670120992,14157.464078676,12948.2335507348,12973.4527943879,4094.65721123293,4364.78715906758,6558.4428292457,3365.11468240805,7896.33373203501,3440.25777474605,11033.5236708093,13538.7357218564,8858.55418302864,5145.8055771701,4145.72861078568,11034.029219972,2562.15897265496,2553.31264061248,59983.728689889
"19",1.09782357265,0.045513301296,Bukwo,UG2033,,,,Eastern,UG2,Uganda,UG,2020/06/11,2020/08/24,,4114.5001686844,9768.59521685634,9283.49420794286,7727.20826057065,3787.83585357945,4606.81095278123,5496.15244521201,2720.65380403469,6962.64922438096,3025.75474187266,9028.49567674287,8164.39123394527,6462.16240790486,5170.00429369695,3636.40411925362,9653.71729472745,2326.0579321722,2553.66897196602,56009.0446129433
"20",1.97881224693,0.0563782419412,Bulambuli,UG2034,,,,Eastern,UG2,Uganda,UG,2020/06/11,2020/08/24,,8533.55566523201,17199.2833426041,18538.3348597456,14146.0005136258,8292.42087669042,8251.88157328637,10048.9952989318,6293.97969894786,11983.9006075999,6481.86237186473,18146.326973998,14495.3974348577,11955.3527219351,10103.6325789834,6382.10528347385,17624.5332352929,4798.7115244756,4183.71712106001,69377.0562733153
"21",2.1628685691,0.164778845923,Buliisa,UG4102,,,,Western,UG4,Uganda,UG,2020/06/11,2020/08/24,,5908.22336049424,10262.802849263,12084.2199456422,8686.24210523348,4942.79231390054,5425.92974481173,7903.94355887454,3863.03115452221,8826.86485098116,4079.46236879518,11300.7179104574,7950.99038530607,7996.83257591724,6587.02571085654,4765.24509799643,10673.4054993554,3170.3965141119,3299.25209545298,202711.422753519
"22",1.6539354283,0.0691696004931,Bundibugyo,UG4103,,,,Western,UG4,Uganda,UG,2020/06/11,2020/08/24,,11767.3088447843,21061.1925018486,21261.6186206508,17007.6989700571,8463.92631757539,10761.9751464929,14621.3761882177,5911.08319653198,15788.5302517153,6391.67835878301,18047.1145887375,17864.3571265619,13180.3548641643,10743.3095627874,7729.31568337139,18181.850176638,4701.3107042741,4960.34371736413,85135.0668310416
"23",1.34879622599,0.0404804105629,Bunyangabu,UG4104,,,,Western,UG4,Uganda,UG,2020/06/11,2020/08/24,,6812.60113095958,16852.2459869534,17053.6662148386,14548.2746629603,5337.9294519769,6812.51545402128,8554.31505834498,4141.59926117491,10850.3735911753,4403.18691939209,12186.9181410689,15931.7136364318,11798.8180202711,7387.18396182917,5077.2790580662,12578.8855980095,3648.05704407208,3535.04093102366,49825.7882440427
"24",1.76956525562,0.0735354007374,Bushenyi,UG4105,,,,Western,UG4,Uganda,UG,2020/06/11,2020/08/24,,10134.4759378284,20199.0338725559,20421.5221307436,19541.1979311751,7923.00028121611,9130.42797459848,13055.9719880177,5885.94184264401,15526.8337726798,5849.65305939806,15560.7205887148,18270.2854793752,15390.7795075262,10761.6037865793,6685.29221867956,15935.6294318829,4303.61443564738,4473.05804077373,90512.0358259906
"25",1.43423230404,0.0619307255948,Busia,UG2035,,,,Eastern,UG2,Uganda,UG,2020/06/11,2020/08/24,,14234.8343088478,29232.1351599172,30528.273287259,24252.2070599385,12944.3077577744,13776.0658662468,20198.5933411755,8515.15041370131,22752.0778022408,9297.62726917118,30070.0204205662,25080.8590570576,19925.9934385419,16739.3726417162,10133.7953022514,29207.7366820425,7810.61193308793,7954.41779976152,76228.9482289811
"26",1.31133224729,0.0531934636397,Butaleja,UG2036,,,,Eastern,UG2,Uganda,UG,2020/06/11,2020/08/24,,11450.6212092955,24389.4450964779,24477.9606609941,18571.0540567636,9979.52845841274,9107.76565951854,13028.120159328,6755.48636105657,15134.1249408126,7285.06754046306,25083.068550624,19272.9017788656,14709.4761777855,10163.5563162211,9101.09392940626,25331.4105454907,7613.5124005843,6584.59593510814,65468.5840687643
"27",1.58154097115,0.0329515610293,Butambala,UG1003,,,,Central,UG1,Uganda,UG,2020/06/11,2020/08/24,,2952.97240239289,10103.9159841612,9065.40828859061,10242.1213481203,2419.83206005581,2719.44408104196,4103.53585609235,2661.33415676374,5986.74154504202,2170.64942186326,7717.20684923604,10240.0446115695,6412.06875876151,3288.14047631435,2392.67568182107,7640.6241970323,1783.35772014642,1904.2635236131,40560.1359054202
"28",0.922719222469,0.0193336473388,Butebo,UG2037,,,,Eastern,UG2,Uganda,UG,2020/06/11,2020/08/24,,5167.57919849455,10700.234844625,11786.668254137,8467.59441322833,3955.07228657231,3992.06167810783,5974.06616245955,3031.90837494284,6888.1268197298,3573.20428184047,11486.1026800722,8747.95472915471,6414.81488604844,4891.9536855258,3855.15745695308,11553.3056582808,2912.74301216006,3141.28635161743,23792.9915407621
"29",3.93993343347,0.781533338879,Buvuma,UG1004,,,,Central,UG1,Uganda,UG,2020/06/11,2020/08/24,,6960.52676040679,6371.90004961193,6806.34070579708,4456.86303204298,8471.62140747905,10156.5753824711,6966.39614833146,3346.63312610611,5629.44017956406,5439.26694630086,8447.38734540343,4542.44055139646,6790.78183165193,9399.49379471689,4847.57725448906,9254.51780636609,2883.24271531031,3109.09440179914,961955.164366394
"30",1.92359352881,0.149941549409,Buyende,UG2038,,,,Eastern,UG2,Uganda,UG,2020/06/11,2020/08/24,,15087.6879462469,35382.1071955673,33598.7135242298,25787.6856201515,12336.8745800834,12042.7889826093,18044.9152217228,9942.94093110692,19065.9549136423,9791.03417907376,35639.1690182649,26416.1283321232,20112.1602205243,14174.1553684361,12795.1721758954,33661.4427160993,8330.15029172041,9811.41172040906,184520.30927594
"31",1.61537601484,0.0883074186056,Dokolo,UG3073,,,,Northern,UG3,Uganda,UG,2020/06/11,2020/08/24,,7464.63257307187,18112.189959988,18243.9653752409,13689.1655674987,6175.99742593989,6732.39540757798,9797.27950457484,5089.00502779614,11152.0019535199,5664.1489418,16837.8869071119,13938.0554809459,10653.3469057623,7464.24135439098,6156.33246384189,17412.5812546462,4220.10611822736,4420.74750981852,108637.62511753
"32",2.31522146657,0.135719276356,Gomba,UG1005,,,,Central,UG1,Uganda,UG,2020/06/11,2020/08/24,,5106.60128025687,15185.0922334744,14806.6625518892,13579.2729261713,4428.94752910384,5729.05677418644,6778.96279013436,4450.7462643527,8842.1876319889,4163.60826102272,12888.9842419261,13926.0240873359,9665.6771526779,5948.81698932359,3927.75136798969,12975.4810881671,2847.52860724065,3373.02595896833,167056.78152625
"33",2.11414824033,0.152249632018,Gulu,UG3074,,,,Northern,UG3,Uganda,UG,2020/06/11,2020/08/24,,14269.447550317,25829.2200262784,25620.445620351,19278.7164267628,13932.8191026307,13864.8876009381,16092.934689309,8610.77625906537,18379.7773896053,9107.53883934941,24330.2752201064,19679.3094336009,17538.394513828,14270.6016893305,10227.4105665992,23213.956335397,6384.9968782207,6916.7039302144,187158.91222617
"34",2.88507783405,0.215204277601,Hoima,UG4106,,,,Western,UG4,Uganda,UG,2020/06/11,2020/08/24,,15782.3322203346,30437.0889664609,30922.7152901553,26016.0701499861,13876.3898065668,15448.2975676768,19688.1351775592,9203.53105420433,23602.4458107743,11542.2240547473,26677.5052256305,25662.2575013693,22651.2121685678,17318.2480178177,11427.9041170874,27336.0521415118,7709.24463465577,8297.27587631019,264797.608120634
"35",2.10487312428,0.0784473968162,Ibanda,UG4107,,,,Western,UG4,Uganda,UG,2020/06/11,2020/08/24,,10597.2653940218,21434.8726618569,20976.6522617247,18683.2820864711,8667.52619249467,10579.0198697234,13424.1972646806,6954.77797069028,15021.5722692441,7567.07002136204,18034.9423197098,19400.3532246873,15521.0409658123,12347.2616769727,7875.64275506046,19170.3487737086,5383.85199380759,5569.42701169662,96561.1857278442
"36",1.14762956582,0.0518820197286,Iganga,UG2039,,,,Eastern,UG2,Uganda,UG,2020/06/11,2020/08/24,,16148.1541994512,34268.3188888729,33248.4674248546,27633.3422359005,12567.7360809334,13006.4780939147,19111.2682252005,9586.17699978501,21664.3943568021,9987.75303321332,31769.4956279099,25979.7324060723,19438.5950637013,14451.692556683,12585.9688327126,30300.8586298674,7895.71899511293,8694.48804172873,63856.8572573922
"37",2.55255383272,0.215178927962,Isingiro,UG4108,,,,Western,UG4,Uganda,UG,2020/06/11,2020/08/24,,24447.9506311464,44572.2927782009,44776.8078763464,38538.7832946903,20673.9383780585,22152.9950599136,30046.0346243132,15724.0025115539,34665.4546807015,17741.9382768829,44999.3849779456,40138.7393898591,32223.7119122657,25302.4119405193,18451.9187363234,44230.7554554569,14503.7533477322,13969.4570856767,264836.247843693
"38",1.28566665096,0.0588561436344,Jinja,UG2040,,,,Eastern,UG2,Uganda,UG,2020/06/11,2020/08/24,,20421.6050627604,38581.7693358138,40350.3698840141,36233.3949811608,18372.2143629231,22501.8378724195,26671.3898036703,12233.8170501236,30126.7074954733,13121.5019305684,37005.3149614409,33977.5909831226,27780.7358236983,24755.9681456424,15807.7554619052,35971.3836540952,9612.34433838166,9501.11642177403,72442.9657653522
"39",4.36456196987,0.386419980672,Kaabong,UG3075,,,,Northern,UG3,Uganda,UG,2020/06/11,2020/08/24,,4548.23561362998,8498.57183515679,8894.0503798618,9085.41563067587,3309.98724200513,3461.67250176079,6149.10760438028,2621.79764561171,8306.25911281277,2465.43829816973,5817.70885022081,9072.64688144898,8452.06291512464,5320.76881871813,3636.28233850895,5562.64182406641,999.05404136807,1088.84451078744,474757.086614265
"40",1.18550397465,0.0503773774646,Kabale,UG4109,,,,Western,UG4,Uganda,UG,2020/06/11,2020/08/24,,9549.64458434284,17474.0485814437,17644.279052794,18622.9065930098,7720.73665513098,8865.38931427523,13292.8886213936,6405.52326688357,16559.1854064539,5860.24765761383,15580.0865073912,17812.3749007508,15032.2181434929,10884.8019096069,7026.40364700183,14065.4140182994,3968.41275758576,3628.66828875057,61993.5594036572
"41",2.64860163435,0.106563118654,Kabarole,UG4110,,,,Western,UG4,Uganda,UG,2020/06/11,2020/08/24,,12365.0747810669,26479.8733225914,25918.9324399568,23190.7619241439,11380.9173769024,14523.820167074,18413.1354373499,7282.51468563179,20172.8066781041,7912.33128140663,21026.8228155103,24981.5645409995,21823.9952495182,18796.5470146911,9029.31917896232,21613.3730091854,5834.0170297451,5700.64779160262,131160.929266146
"42",1.33744783448,0.0721296519549,Kaberamaido,UG2041,,,,Eastern,UG2,Uganda,UG,2020/06/11,2020/08/24,,4466.26035435498,11402.6517668664,10314.6281272657,7362.62367123365,3628.71171740443,4612.24264848419,5890.53156425431,2937.15525045618,6022.54739568569,2960.20832841657,10587.7215380967,8495.85648557544,7177.46691247076,4353.35427917726,3731.56557250023,11057.0106496662,3266.76392795704,2861.8561181929,88746.9958733344
"43",2.09260669427,0.126287446649,Kagadi,UG4111,,,,Western,UG4,Uganda,UG,2020/06/11,2020/08/24,,18270.6642250419,40023.6677259877,39702.0564493537,32488.4871635027,15427.5546234474,18126.4343993701,23723.3299115859,10421.572189251,27760.5982455052,11730.1441305419,37842.8465139195,33347.8657604456,27557.0170221031,19529.4750748444,13968.6917140558,36995.2986206561,10734.4918428771,11421.4372938722,155424.274036039
"44",1.78610318164,0.135476471005,Kakumiro,UG4112,,,,Western,UG4,Uganda,UG,2020/06/11,2020/08/24,,15588.9012802523,33012.4239494875,32609.3510727547,26752.3692246154,14276.8079088228,14942.5191077357,19891.0737228971,8942.90644824691,20300.2399781682,11094.3461665083,32962.6537371688,26549.0504747145,21608.5261755455,16439.2180316001,11544.4948478322,31620.8855620623,9485.59266086854,9520.66068008635,166734.629885352
"45",1.28926592118,0.0599138782558,Kalaki,UG2042,,,,Eastern,UG2,Uganda,UG,2020/06/11,2020/08/24,,5446.21015857533,11196.243883647,11271.9845816828,8604.34036364406,3777.49591008294,4650.09841875546,6429.06346408464,3499.76755728107,7424.28284822404,3362.63461713493,11893.3501079194,8491.88182105124,7129.03834743612,4802.90714969859,3574.11818806361,11715.2602340542,3368.76242911536,3215.22800327372,73711.4856890283
"46",3.49556687239,0.735371130075,Kalangala,UG1006,,,,Central,UG1,Uganda,UG,2020/06/11,2020/08/24,,3393.49928644206,2397.02236417774,2238.39590920974,1671.14873086428,4716.34992659464,6202.56233441085,4667.28378931992,1394.1235855245,2955.09142878838,3116.27623564657,3741.2127361428,2297.82945790607,3660.50036965683,8258.97968679667,2071.49496509042,3741.2127361428,1440.37503922451,1045.98672857042,905120.706878738
"47",1.21601175003,0.0706812055313,Kaliro,UG2043,,,,Eastern,UG2,Uganda,UG,2020/06/11,2020/08/24,,9968.58222293667,22959.4770907909,23509.9846127518,18939.9051648453,8761.4184746705,9842.65278613009,13486.954905834,6640.13346558809,14291.7171748467,7460.18087910488,24508.2419781275,17977.3504828103,14765.7349608615,10693.9382332582,8009.57239782996,24032.4662780687,6626.73888404854,6108.65140151698,86987.1896406929
"48",1.26333509549,0.0680138881455,Kalungu,UG1007,,,,Central,UG1,Uganda,UG,2020/06/11,2020/08/24,,5987.89985336177,16693.4310340397,15831.9807876796,16345.5124232769,4775.34415703267,5926.47180212755,8067.6937012095,4333.59216692857,11852.2861035913,4587.60094644409,13780.3498522043,15920.6477251481,11243.5119186901,7045.52832122147,4610.3482664125,13806.2696865853,3339.4585001315,3096.16279024538,83718.5592042648
"49",0.636963568649,0.0158654281955,Kampala,UG1008,,,,Central,UG1,Uganda,UG,2020/06/11,2020/08/24,,100852.334418595,92150.1546328068,97964.0844712555,101566.860946476,80171.349984616,109388.234183609,140243.714116573,42423.6604401022,137117.030078441,54026.9451311827,86420.0271020234,84607.8971969783,99523.9157054424,118114.409559757,59394.7554178834,85548.0897147357,25635.5988743082,25262.0698927268,19528.5765982571
"50",1.79955181196,0.123286982493,Kamuli,UG2044,,,,Eastern,UG2,Uganda,UG,2020/06/11,2020/08/24,,20983.4275856838,48205.4656295478,47793.2024232633,39719.5330843702,16694.2454040553,17103.0851079505,23827.4908250477,12641.4781488571,27388.6584119927,13907.3253574893,46404.1919530928,39325.8997192644,28091.7671323549,17367.003390871,15786.0596298408,44997.6606996693,12181.700181012,11710.5305440789,151734.670125898
"51",2.46182060018,0.137525350961,Kamwenge,UG4113,,,,Western,UG4,Uganda,UG,2020/06/11,2020/08/24,,13034.3672789456,25683.5422601085,25314.4566899762,23717.0220976844,10039.6584178903,12000.2850702419,17369.5939410729,9118.5287888716,20113.721708091,8548.01961527346,24843.2022900907,23768.3866411252,18872.3163487939,14428.9982772907,10059.377279608,25512.0541953277,7946.99316757638,7361.2135550864,169278.197904363
"52",2.774999659,0.107679265206,Kanungu,UG4114,,,,Western,UG4,Uganda,UG,2020/06/11,2020/08/24,,10482.0802892889,20539.9891134994,21265.1310646841,18846.7351617664,8115.57194557739,10318.7385497815,14465.9042321946,7074.91982021625,16330.39108219,6568.8983030275,19377.0560710421,18869.0313464114,16149.240243569,11222.556760171,7697.21612266265,18564.4702778347,5982.58954869444,5874.79976152955,132529.717430708
"53",0.991997175266,0.0310147323279,Kapchorwa,UG2045,,,,Eastern,UG2,Uganda,UG,2020/06/11,2020/08/24,,4673.97498480231,9460.48517882824,9346.69334335998,8618.91794825811,3842.68328563171,4380.58586995862,5808.70471379999,2912.38084919192,6853.36377498135,3795.88917896105,9258.20059454255,8398.87448093761,6169.55161832366,5461.47180659603,3769.87503082538,8397.83552876487,2741.34305681381,2615.83480602736,38166.0079719026
"54",2.33756393818,0.0976901922927,Kapelebyong,UG2046,,,,Eastern,UG2,Uganda,UG,2020/06/11,2020/08/24,,4332.68994948315,8764.02601927891,8335.46112339664,5795.21654939838,3278.66178893857,3761.25873553241,5620.50257431716,2932.31602966296,5702.91521471925,2915.86554510542,8215.51015465893,6388.55829266831,5120.97540743835,4404.68391316896,2917.88073627208,8641.11433461308,2313.27884336386,2223.79391322669,120160.066823153
"55",2.33801614766,0.207524163418,Karenga,UG3076,,,,Northern,UG3,Uganda,UG,2020/06/11,2020/08/24,,1904.01693363639,3558.89408219192,3723.34484309098,3801.16401805985,1385.71359164244,1450.50549739349,2573.26932472346,1097.78853031283,3475.90512451041,1032.95702582215,2437.70939765446,3795.73578811204,3536.07771622937,2227.0596155292,1521.58338698928,2331.63557444589,419.864043348622,457.224400374951,254915.901754928
"56",2.5831630042,0.275200125257,Kasese,UG4115,,,,Western,UG4,Uganda,UG,2020/06/11,2020/08/24,,31457.9562834129,62393.9676232086,62310.6655543447,58581.7490853998,24366.3234278953,27987.5244842689,42864.8510020962,18782.6717703426,49889.0952979308,19419.3952345767,53603.0663428567,57580.8544645207,46513.6733815563,37187.3096511313,22874.3108603822,54399.1056901356,15622.7478070485,15003.3656056141,338743.677463079
"57",1.90779357826,0.155880690612,Kassanda,UG1009,,,,Central,UG1,Uganda,UG,2020/06/11,2020/08/24,,12167.5774482535,28842.9408482136,29067.8062986387,25559.2187797977,10264.8117472525,11374.1452417378,14642.7933783624,7930.77773689898,17290.7907874035,7836.8002780918,26719.0817669099,26299.2994716913,18770.3369140858,12959.0994559978,8402.99203632912,27021.6283491254,6943.10364603647,6503.35764689394,191865.861017721
"58",2.54318043105,0.197445747079,Katakwi,UG2047,,,,Eastern,UG2,Uganda,UG,2020/06/11,2020/08/24,,8134.05180122959,15556.9147274117,16092.5836369898,11301.859280319,5744.09590671631,7175.0028105285,10005.7901542201,5519.81968277297,9270.89809257723,4802.42473055702,14516.3898176849,11896.8435700918,9965.11201193649,7179.25485432334,5516.50556651503,13723.052145368,3852.05875958502,3822.43077911553,242903.244628403
"59",2.38958223401,0.144550753997,Kayunga,UG1010,,,,Central,UG1,Uganda,UG,2020/06/11,2020/08/24,,14147.4003209877,36126.5220167432,37119.3660905864,27781.2763380865,11039.2777914386,13430.347226107,17909.02421444,10693.960477334,21622.4930011565,9920.3790851403,32208.904482659,30317.1783723813,21578.1406728458,14093.0020502647,11540.3109782608,33401.4116573781,7935.7206557584,7635.07070014998,177901.484811683
"60",1.95775919037,0.126431571871,Kazo,UG4116,,,,Western,UG4,Uganda,UG,2020/06/11,2020/08/24,,8053.9537863126,15744.9348702505,14273.7564905649,14568.9186906377,7449.76822288893,6607.94468831783,10027.5909114629,5325.50496033812,10849.6726935208,5756.77910310077,14622.6118438244,14408.1950264601,12275.1949903769,9419.96937598847,6388.9110736344,15216.5509440554,4630.42196041415,4502.77399348887,155625.285637504
"61",1.55562344509,0.0946475511556,Kibaale,UG4117,,,,Western,UG4,Uganda,UG,2020/06/11,2020/08/24,,7708.83202132955,16435.4554943442,14109.8679508865,13653.9979124311,5909.87883014698,7054.87233608123,8159.08179844543,4905.95883367676,10118.3980185818,5502.35021428019,14953.0454269461,13947.9893289432,10353.15744582,7063.44876329042,4593.66203427128,16121.4224727228,4914.47384138219,5094.24733317923,116491.11241138
"62",1.97151955011,0.127881675691,Kiboga,UG1011,,,,Central,UG1,Uganda,UG,2020/06/11,2020/08/24,,5903.19287214032,14106.1635800838,13350.018074485,11438.9340496091,5892.24841684429,6355.10059594619,7500.40161034302,3861.97879390721,8821.15675155306,4349.18719377904,12255.182747358,12183.0457815933,9730.65233381558,8041.41601382219,4811.06609988306,12855.7196207941,3338.17935268255,3170.63877074851,157393.7676137
"63",1.02634258321,0.039743060248,Kibuku,UG2048,,,,Eastern,UG2,Uganda,UG,2020/06/11,2020/08/24,,9653.20544064045,19517.9889009446,21147.4506447241,15888.9971301109,7115.2421132084,7562.53662567213,11293.4388550855,5291.01942686364,12157.5879369751,6251.77186507918,21902.5868217573,16338.9919752069,12362.3031331673,8147.53434606269,6793.77792642079,21262.9208518416,5850.91333994456,5318.17498404905,48911.9531173431
"64",2.86169648254,0.243019487152,Kikuube,UG4118,,,,Western,UG4,Uganda,UG,2020/06/11,2020/08/24,,12900.2032103678,25765.8860958405,27406.8767116945,21140.0982572976,12369.0377100362,14867.3745894395,16695.3408798082,7410.16327641485,18613.6821179558,8984.66194046335,24424.2438013945,22855.7238631919,19061.8463991592,16174.3948249882,9285.71928471606,25535.5360405892,7368.81566267041,7203.58297460666,299058.105883385
"65",2.74030610663,0.247255476251,Kiruhura,UG4119,,,,Western,UG4,Uganda,UG,2020/06/11,2020/08/24,,8251.03354816488,13413.6096150298,13563.3989181746,12514.7772443375,7282.43224566762,8214.25660495402,8974.37578210363,4976.62156084622,10912.0507025025,6447.51848347828,13272.1095124373,12872.6480680963,12249.5228399284,9240.42240066605,5662.03795802611,12378.7943947249,3190.40197910927,3487.40006042484,304341.59289844
"66",2.64797433149,0.295407659525,Kiryandongo,UG4120,,,,Western,UG4,Uganda,UG,2020/06/11,2020/08/24,,11672.1747893791,25447.8601534041,25100.5650629229,21190.5372335392,9576.10275821434,11396.0901415164,15217.5517697905,8068.24322268518,18426.5789243854,7262.66551882564,24194.2214432098,21995.6575570179,17965.0058675404,13575.4402646185,9109.90583493817,24586.7976729334,6515.66051492014,6780.17817306565,363397.235026697
"67",1.38822355669,0.0589915733957,Kisoro,UG4121,,,,Western,UG4,Uganda,UG,2020/06/11,2020/08/24,,11749.8275999911,24505.9088296387,26195.376443252,24028.3195392508,8357.64776435401,9532.78103848873,15144.3975304505,7989.97553468309,20994.8996027727,7325.97028339142,22107.0829681,23893.7263887487,16982.910897701,10941.311679143,9580.61009758711,21032.4153376669,5995.9402712239,5773.26858428959,72597.1131163608
"68",1.41340301384,0.0581347297444,Kitagwenda,UG4122,,,,Western,UG4,Uganda,UG,2020/06/11,2020/08/24,,7522.1195766842,13328.3848870927,13829.637748762,12912.8384798933,5399.13660157821,6501.34539778694,8694.45973027078,4399.9834125482,10199.1831802954,4664.00502454443,13396.2944200607,11705.2052964093,10664.2545703975,6627.39620099496,4901.7136366677,13120.477618916,3780.62707365607,4011.66976467322,71558.358175123
"69",3.74488907163,0.337864629849,Kitgum,UG3077,,,,Northern,UG3,Uganda,UG,2020/06/11,2020/08/24,,9055.40598740615,18476.2717364894,17656.1889381988,14741.1134330742,6697.27891468292,8937.57989404793,10945.4538282244,5546.22765804152,14588.9979620231,6198.79413250135,14862.9212241636,14582.8235195458,13567.2123854097,10111.140188762,6269.70042311994,15343.2552181378,4384.03544455144,4263.58600500377,415167.11240074
"70",1.42879381386,0.0621189958835,Koboko,UG3078,,,,Northern,UG3,Uganda,UG,2020/06/11,2020/08/24,,12246.2244231701,20204.6387001872,20125.2680141851,16518.9916818496,8135.63359971624,10648.4870919995,13646.0844962429,6851.36343768891,16148.8458339944,5372.22676823102,18428.1515782867,16832.9933951925,16595.1394015159,11366.7105193622,7933.54053707235,18286.8921518903,4701.79595544981,5097.01980228536,76321.7511695572
"71",1.82095907435,0.0871174603715,Kole,UG3079,,,,Northern,UG3,Uganda,UG,2020/06/11,2020/08/24,,10068.9946493153,23525.5433064252,24226.3136373386,19459.1662300117,8390.16206749715,9006.47683255747,14165.2002659515,6469.90280719288,17880.7720998935,5918.43370882235,23007.5091146529,20110.4095314816,16037.4812217541,10292.6254647784,8574.72059434839,23073.6562975794,5251.41247409023,6034.65828050114,107149.862327237
"72",3.03412095286,0.295367070221,Kotido,UG3080,,,,Northern,UG3,Uganda,UG,2020/06/11,2020/08/24,,9774.68663808572,18128.7436362405,17679.2120268865,13996.50115856,7547.20485274307,8424.8053830834,12046.7768745061,5316.15418216864,12667.1738314786,5454.77810575644,13809.6667281994,14789.1682082358,13626.8881551227,10438.7999733244,6734.06168673333,14995.1016750003,2707.57801158574,2577.61099990287,363075.301440861
"73",1.62124804957,0.0873313904949,Kumi,UG2049,,,,Eastern,UG2,Uganda,UG,2020/06/11,2020/08/24,,12079.7433738662,26106.1768128648,24074.5176750086,18719.099519344,9412.64735392295,10137.2035360863,13802.2579322429,8180.02723219339,16284.6141224094,7545.08580784965,23982.2083769906,18712.5180759421,14359.5052107107,11377.3299863338,8115.38570288802,23429.649504602,6764.41956466623,7216.34262787667,107462.050705471
"74",1.9177349622,0.114447440141,Kwania,UG3081,,,,Northern,UG3,Uganda,UG,2020/06/11,2020/08/24,,8535.8172866134,18306.6619803663,17282.3699123133,14074.7018976063,6653.64218846709,7771.77444502059,9484.40948158409,4645.28946568863,12229.0943225063,5244.46643574815,18139.862266222,14958.0784155652,12387.1456072219,8713.28923924174,6162.72130565904,18020.6583640054,5060.65027570445,4820.64537667716,140797.185830022
"75",1.87700730986,0.0641662404827,Kween,UG2050,,,,Eastern,UG2,Uganda,UG,2020/06/11,2020/08/24,,4146.78572244593,8790.38298297953,8964.75803089701,6911.24229760142,3589.15117752622,3812.29194070632,5608.56439709757,2076.13110501284,5764.64432675345,2819.73255495611,8202.27359754033,7081.94772832189,5858.01838625968,5818.37430943735,3110.17917997716,8550.84254534869,2221.82388740091,2400.28881028795,78958.4038395864
"76",2.27778185085,0.200216361474,Kyankwanzi,UG1012,,,,Central,UG1,Uganda,UG,2020/06/11,2020/08/24,,9761.7002397324,23300.8304647342,22040.3015749594,18855.2930742553,9754.97132420004,10514.8136030973,12412.7990346067,6384.18621868477,14566.596301791,7199.51652406715,20259.0341381365,20089.3029150516,16072.4546481308,13305.9021106821,7963.29700666433,21253.0951590538,5528.49907292472,5253.84770953795,246401.181466072
"77",2.08264952499,0.141873980421,Kyegegwa,UG4123,,,,Western,UG4,Uganda,UG,2020/06/11,2020/08/24,,16313.5925747268,34911.2297661118,33574.4213245213,28089.6434134878,13434.7980032526,14800.5883766506,21611.8872307688,10152.4419252155,23480.7113821767,12150.0046811718,33624.7212252021,29596.8862841502,25008.5017618295,17523.7568285186,11859.9122216403,35084.0106866099,11010.5109768743,10491.9338189512,174627.965688083
"78",2.41143372117,0.190597892221,Kyenjojo,UG4124,,,,Western,UG4,Uganda,UG,2020/06/11,2020/08/24,,18823.6905208249,42127.1303225495,41987.3069706708,37376.6297642477,15608.1690320959,19131.4342545215,25470.3076044936,10673.2796426313,28798.0587699004,12565.6861055475,39641.0816753618,37384.6667662822,30491.2385734748,22742.4895174149,12893.5237944312,37515.3459215891,10410.5475750957,10257.9215551773,234592.747597701
"79",2.52046667959,0.198948183535,Kyotera,UG1013,,,,Central,UG1,Uganda,UG,2020/06/11,2020/08/24,,9521.6365755517,20635.4252837887,21174.4421047792,20709.6584853996,8167.85998412082,9801.25027372548,13234.5504435152,5423.91312824073,16321.649822535,5837.91931272671,18491.3752304371,19788.7388827335,16093.2583485032,11317.2155720582,6206.62974731717,18430.4125306401,4468.04329553014,4605.88933011633,244862.41112706
"80",3.3932830591,0.443142593962,Lamwo,UG3082,,,,Northern,UG3,Uganda,UG,2020/06/11,2020/08/24,,5633.07992931589,11312.1727410369,10881.1960977664,8206.86414075957,4875.86142808496,6611.43156092335,7208.60513701173,3172.67156978982,8431.27360898734,4064.35065811011,10211.6301738409,8676.41486086091,7776.59109131445,7457.71441503661,3742.06186594313,10176.7740977652,2641.11794601046,3317.40114529443,544446.353169219
"81",2.59654181045,0.107509660557,Lira,UG3083,,,,Northern,UG3,Uganda,UG,2020/06/11,2020/08/24,,18499.7682730313,36698.1388904713,38255.6258117221,30951.2160083316,15719.3548133057,18258.6535026841,24706.4425231684,10586.5792506412,28917.4205883853,11900.2930657053,33970.3302851021,29800.3615929484,29323.3637212403,22776.0322246626,14426.6649722792,34613.3566239774,9850.04798655026,10039.6318916241,132229.798098359
"82",1.47422534924,0.0527852976295,Luuka,UG2051,,,,Eastern,UG2,Uganda,UG,2020/06/11,2020/08/24,,10386.0492464788,24829.8267593086,23977.9297632128,18908.0035535321,7940.46943398565,8561.91773121431,11614.8607397303,5935.69142033532,13551.8583281115,6057.05106028914,22180.2782194316,18793.2490022257,13047.0926146731,8091.57251751795,7766.48375023529,21323.9909585118,6018.41961853206,6443.34536034614,64967.4294532327
"83",2.56091606277,0.180180662189,Luwero,UG1014,,,,Central,UG1,Uganda,UG,2020/06/11,2020/08/24,,18883.6418868173,45194.8289198969,44350.0755928112,39395.514931649,15446.0041676094,19120.6346197273,24006.8936866787,12545.08879105,27709.362781425,13417.4523535203,37116.571818551,40604.4358141292,26937.2586552389,20318.0948036639,13634.1846469222,38724.5228288183,9189.67918524495,9870.13220638502,221762.297439037
"84",1.66001852593,0.0832243700073,Lwengo,UG1015,,,,Central,UG1,Uganda,UG,2020/06/11,2020/08/24,,9784.68411707319,22755.7145135328,23506.6885036118,21917.1520670839,8353.27114277333,9859.98072071373,13949.8907727245,6635.71083217766,17070.9939863011,6498.87164811231,19609.0256358832,22914.4569651932,17254.386992421,11912.9495286066,7284.32066215388,19915.4762995429,5000.57357390318,5496.45331279282,102438.818012717
"85",1.33034431452,0.0703529320145,Lyantonde,UG1016,,,,Central,UG1,Uganda,UG,2020/06/11,2020/08/24,,4584.28965023684,7967.03962806799,8524.66922714235,7717.41702441289,3685.00086759159,4599.9953213128,6237.65177487605,2655.33548015007,5636.44838685426,3158.1546339948,7421.66657957085,7786.0776492178,5931.15129149845,4888.62476933375,3024.91465997323,7813.80486793304,2375.81927328248,2176.04704679543,86597.1569732178
"86",2.38450160361,0.164224636277,Madi Okollo,UG3084,,,,Northern,UG3,Uganda,UG,2020/06/11,2020/08/24,,6708.28321219841,12330.5775583545,12497.901126747,10067.1731844787,4609.96302357432,5148.14859863697,6628.49147975538,4865.17404369591,9474.53472475288,4218.89605035447,10615.1692436552,10244.0466214274,9040.88723210571,5528.59780111886,5305.80023542931,12139.0406836607,3221.16724714614,2902.75990631047,201900.578608931
"87",0.836962583603,0.0193106781506,Manafwa,UG2052,,,,Eastern,UG2,Uganda,UG,2020/06/11,2020/08/24,,5939.02801077068,13919.849796921,13692.9988086969,11614.8063113838,5563.21882725507,5528.01500926912,7287.77605497837,3936.36041854694,9772.89810472727,4683.70544661582,12688.3932477981,11175.9887123555,9044.14985749125,6834.06344919652,4682.83375708759,12637.3278485388,3533.00391937047,3336.0959235765,23766.9425569675
"88",1.06548079372,0.035729868182,Maracha,UG3085,,,,Northern,UG3,Uganda,UG,2020/06/11,2020/08/24,,8967.97821419686,15911.9801520929,15840.7295646593,12976.5265968964,5737.78847740218,6084.66962011158,9798.44238880277,6488.12978551164,11669.1451710761,5673.90214525163,15132.3413314819,14168.8344005421,10652.9154147431,8382.69019425288,6379.4237411432,14193.7500030771,4315.77883925475,4143.19959455915,43911.835659533
"89",2.21373274482,0.178594309466,Masaka,UG1017,,,,Central,UG1,Uganda,UG,2020/06/11,2020/08/24,,13022.7055418026,23830.0168328751,25360.500838358,24767.5355508327,11074.9152136864,13569.0114748906,19576.2234088518,7468.04949971009,22842.1102111097,8064.00537775969,21156.5417593922,24551.6145718321,21097.1908683497,15708.8181377482,8803.2078587818,21521.2979382575,5857.10118115554,6248.26619376102,219824.352615261
"90",3.7804751145,0.318841247903,Masindi,UG4125,,,,Western,UG4,Uganda,UG,2020/06/11,2020/08/24,,13415.0900767057,25513.8161754718,25932.6920880922,21706.9259630381,12376.0071923239,16404.7562371367,17572.1245759658,7545.83233943768,20035.783478572,9312.50203378033,23271.0125877999,22420.6122497686,20550.4690806402,18405.8212688963,9226.33856839431,23903.8152683424,6522.28544060228,6710.73615001648,392283.602892275
"91",4.21527094841,0.274828164719,Mayuge,UG2053,,,,Eastern,UG2,Uganda,UG,2020/06/11,2020/08/24,,23010.2499213703,49642.5070564747,47412.9861935601,37531.2699931934,18311.733413849,19759.8301223069,26158.5502897874,13960.7737134546,26762.3263490796,14656.6935819685,49234.3394525945,36610.1706959978,27949.9636421427,19460.9493466429,17349.3738086522,49042.292912513,12175.8955457546,12075.9309065901,338276.681511317
"92",1.22977294258,0.042089681139,Mbale,UG2054,,,,Eastern,UG2,Uganda,UG,2020/06/11,2020/08/24,,22663.6234446466,43090.2905909121,44741.1236466616,37633.0155842453,20076.9217666611,22208.4910549,28936.3965109438,15400.0166132599,37230.1807032824,16517.3900284432,41094.8687954992,37692.226528272,33267.4174504057,27737.8764976636,18209.8791956753,38750.0693875402,10483.7234369516,11444.5593791977,51800.4682847098
"93",1.92175560018,0.100872074386,Mbarara,UG4126,,,,Western,UG4,Uganda,UG,2020/06/11,2020/08/24,,17688.4504753614,26200.8934655851,27157.6457943823,25386.2275144821,15277.0826513311,18128.2196436492,23844.8040812195,8984.56693173829,25965.6502480586,12833.4214396628,24903.21436428,24162.572876934,23146.062778221,20566.0743950875,12942.6208646086,24394.9245246118,7315.45953619375,7036.69827781478,124159.435333807
"94",1.31330697402,0.0441998676987,Mitooma,UG4127,,,,Western,UG4,Uganda,UG,2020/06/11,2020/08/24,,6772.79140590783,16987.2562548425,16463.1673471369,16203.6312853601,5567.10340003949,5920.97114249039,9116.90826566983,4879.34387949994,12727.3338687327,4587.62509681284,11870.3424840346,14913.4994187541,11254.5656881947,7029.42739366274,5613.26435252186,12103.7117993459,3554.78792929044,3290.25569319073,54402.7456005884
"95",2.07412854298,0.128639701571,Mityana,UG1018,,,,Central,UG1,Uganda,UG,2020/06/11,2020/08/24,,11750.0929100243,29298.1563729756,29874.9331110716,29386.4345558584,10722.2813499235,12138.3586485256,15536.4957114607,8073.72979866061,20432.186377421,8534.68085082341,25141.9391802903,29597.678239733,21584.2973886579,15613.236816192,9270.27792759519,24716.3221224435,6004.17280793982,5561.29548290512,158338.569930088
"96",3.05087909709,0.288088876191,Moroto,UG3086,,,,Northern,UG3,Uganda,UG,2020/06/11,2020/08/24,,5714.25047517894,8194.22768301913,8360.98894829839,7892.01055482891,4384.68433056085,5136.13870456431,7699.369480856,2890.78992394364,7551.23246062454,3413.03860270022,6565.54820329184,8012.62886711885,7687.87045327062,6410.98534241901,4139.52656465501,6697.13842656533,1183.4098006787,1437.91290321437,354239.176440481
"97",1.52559716441,0.0847428441021,Moyo,UG3087,,,,Northern,UG3,Uganda,UG,2020/06/11,2020/08/24,,3111.3327476026,6015.57727536187,5684.80013799295,4918.33362000575,2611.43325171829,3084.21834533778,4028.62935356214,2343.49176604464,4802.70345081622,1977.94256964582,4875.63060364686,5462.45459988248,4984.62562604016,3669.00434702728,2586.49277667864,5239.45034038369,1101.38262796111,1319.31001801172,104105.380674429
"98",2.20955298385,0.123905507812,Mpigi,UG1019,,,,Central,UG1,Uganda,UG,2020/06/11,2020/08/24,,9276.42809066828,23111.7513205111,24070.9319904447,23777.016241055,7936.95342237689,9580.31616508309,12128.2531286981,6829.22953361273,16508.8314609099,6530.74473118223,19985.8615578469,24696.9313660115,16248.2387370951,11877.6053384766,6513.13111318741,19546.3906142823,4580.31582382042,5319.46041715937,152515.591216551
"99",2.67713410078,0.220286501477,Mubende,UG1020,,,,Central,UG1,Uganda,UG,2020/06/11,2020/08/24,,19345.5532085272,40484.6240067724,40639.5348277166,34253.23918272,17211.9541327497,19036.8439375535,27689.6476042727,13451.594136022,28463.6381447222,13949.518453381,37158.3736182973,35055.3441969715,28169.5532250144,24200.4075607797,15164.2739242632,38481.9368477333,11230.6093658605,11294.5451292689,271140.863859486
"100",2.80362692451,0.226170937976,Mukono,UG1021,,,,Central,UG1,Uganda,UG,2020/06/11,2020/08/24,,26444.3137304122,55732.2074741982,54616.3108365424,52570.9810599349,23648.3102846118,26499.8344666203,33468.5754340664,16962.5990929194,40767.0120801944,17395.8036886612,47303.6581203919,53306.685760716,40788.7585765272,31281.9215750517,19794.9067137875,47648.4121428784,11387.5947403065,11515.7344899816,278389.383464868
"101",2.56891789602,0.146700583123,Nabilatuk,UG3088,,,,Northern,UG3,Uganda,UG,2020/06/11,2020/08/24,,3372.88219684968,8183.50848374469,6967.05003581801,6464.03461685264,3098.39221896254,2526.18149821064,4864.90214605397,2550.75134705729,6106.87326850882,1884.47742051014,7520.79968911875,6507.12158524711,4381.11174384272,3330.54088534857,2600.81923325872,6647.24074225407,1354.66397319804,1402.25741061947,180464.255094144
"102",3.02206527078,0.193348342528,Nakapiripirit,UG3089,,,,Northern,UG3,Uganda,UG,2020/06/11,2020/08/24,,5105.78346698266,9214.17374804709,9424.82791342773,8847.66074184841,4769.88757174276,3714.09477755916,6771.00175781967,3352.06714508182,8264.17804327235,2795.82711694855,9334.92272695433,8185.50752858352,8009.43519051466,5565.09071888542,3964.17760234769,8266.54125481006,1942.80038301123,1455.69505179976,237881.300603173
"103",2.85682152152,0.282561576393,Nakaseke,UG1022,,,,Central,UG1,Uganda,UG,2020/06/11,2020/08/24,,8462.08036886225,19903.346124853,20045.8797254816,17001.3513442676,7144.12963086821,8885.13409576926,10209.5299082275,5130.99541173963,11196.343332377,6290.40728487878,16995.399553647,18038.1622278979,11627.5243546444,9694.93296888482,6519.30704494822,16805.3257591471,4487.71344007895,4805.26798482565,347747.695586153
"104",2.83615902438,0.285318974433,Nakasongola,UG1023,,,,Central,UG1,Uganda,UG,2020/06/11,2020/08/24,,7789.39302164526,18231.7789781592,17662.9894738826,14327.4055059077,7415.12065856834,8136.98104906431,9941.18117316766,4833.77199998905,12979.3800417895,5420.50634199288,16447.5850416971,14138.3284134844,11435.4634261671,8821.94627978001,5965.37527443608,17084.4118278585,4435.7082513452,4263.17361776822,351104.672373483
"105",3.57874476911,0.379221195923,Namayingo,UG2055,,,,Eastern,UG2,Uganda,UG,2020/06/11,2020/08/24,,10646.734863298,22206.4356021471,21544.2906646915,15957.6737324819,8580.6141924113,9693.56606546417,13138.9997014888,6466.68596685398,14089.5184391681,6078.14869617112,22692.0520578399,16621.710549973,13452.5991439652,10797.2716619279,8013.86992694438,23085.9693282284,6187.37159441132,6182.09232317284,466768.751734376
"106",0.882804936941,0.0243482579618,Namisindwa,UG2056,,,,Eastern,UG2,Uganda,UG,2020/06/11,2020/08/24,,8098.85516047105,19001.7058032528,18688.5105312541,15859.8603579924,7588.38655368611,7543.5418897029,9941.30069502816,5373.35448420048,13346.2015448995,6397.00395557843,17318.1303021535,15257.6301400885,12347.0413703211,9326.6596365571,6388.12850864418,17248.4504319951,4823.93130173907,4552.63740350865,29967.0182427241
"107",1.23464078101,0.0661825574013,Namutumba,UG2057,,,,Eastern,UG2,Uganda,UG,2020/06/11,2020/08/24,,11444.9464907609,26192.4321604446,27010.1011155918,19163.5139477625,8160.16942620091,9943.95757466182,13226.8149427325,7045.09308230877,15028.0198514946,7794.96784143336,26063.3220042959,20245.6303216815,15508.4151872881,9662.11111332476,8912.70428459346,25582.1475242302,6583.4173675999,6581.97751559131,81455.3706651152
"108",3.18627088511,0.364046290315,Napak,UG3090,,,,Northern,UG3,Uganda,UG,2020/06/11,2020/08/24,,7124.56320797699,11633.0464361771,11580.3493881812,9686.7356231669,5516.34608435503,6165.18646198488,9518.39831470163,4383.27434277721,9474.73085544491,4266.20676961937,11157.3068444913,10392.4509181571,8642.630800226,8121.04511466459,5934.44612778397,10246.7337084173,2021.33081212942,2100.3587335234,447724.175947606
"109",1.89402181615,0.0808409226239,Nebbi,UG3091,,,,Northern,UG3,Uganda,UG,2020/06/11,2020/08/24,,11432.1272873622,23154.9424897553,23594.2823752919,18682.8825117648,8238.92635939526,9645.69121468626,12725.8486779747,7934.34014369547,15821.9985254817,7852.19564736658,20661.5428799465,19074.7707651267,15042.6536879251,10532.3171950146,8956.38654270628,21723.7291485574,6039.92903060094,6454.83357230038,99420.4164047458
"110",1.25615804457,0.0586210057516,Ngora,UG2058,,,,Eastern,UG2,Uganda,UG,2020/06/11,2020/08/24,,5220.6501641348,13488.7469088584,13351.4154416099,10460.3840076551,4618.75018735416,5680.95808396861,7103.85377852246,4189.88643582072,9063.46097660065,3970.90034040902,12643.8620021641,10915.4238800667,9165.1380950734,6181.007895777,4737.36694329977,12812.7562865429,3967.31125609297,3404.18049426936,72132.9562196347
"111",2.16461330953,0.113947446288,Ntoroko,UG4128,,,,Western,UG4,Uganda,UG,2020/06/11,2020/08/24,,3109.28331370285,6181.7815073675,5929.64159749448,5172.67736586207,2647.35091371916,2725.44993533776,3868.19396330277,1753.1461857337,4526.18907840445,2186.34115448839,5339.9951760883,5025.63690554642,3606.78676817816,3278.33977691864,2126.82524175342,5557.23300550715,1452.75743731434,1546.52384265928,140237.216729742
"112",2.27185925064,0.164320472778,Ntungamo,UG4129,,,,Western,UG4,Uganda,UG,2020/06/11,2020/08/24,,21123.043820912,39719.1562494002,42423.8738122508,40096.2501869537,17830.2450016737,19428.7394891717,27442.5761444904,14080.7753334045,33744.1006529462,14389.8056679592,34884.019694807,36940.5550669469,31939.8848123867,24319.4471527115,16789.5295235645,35167.2406412344,10740.9001369663,10413.202271495,202236.29874964
"113",3.84690187549,0.385188575813,Nwoya,UG3092,,,,Northern,UG3,Uganda,UG,2020/06/11,2020/08/24,,10787.0047554949,14204.1192910634,15728.0442433022,9152.93309320789,10227.51611064,12646.8800726533,12228.9479902005,6180.55575178657,9862.04282297264,6124.84956659749,19848.0050124456,9160.25033624005,9858.61060678144,12091.7539000467,7773.79393127724,15705.6422162594,5529.74166232604,4556.56097823218,473680.547910115
"114",1.31840317723,0.0689334920097,Obongi,UG3093,,,,Northern,UG3,Uganda,UG,2020/06/11,2020/08/24,,1756.13535101363,3155.35733701475,2854.26610486675,2150.19961846876,1589.29861642257,1336.0558560167,1717.45695407363,904.573081123177,1922.37285177619,889.967854734859,2787.24338003667,2617.69805861544,2140.43950608582,1725.36177294445,1290.39539550105,2697.64547903277,734.510969506111,519.616509437154,84705.9141071614
"115",2.2884172675,0.12653819223,Omoro,UG3094,,,,Northern,UG3,Uganda,UG,2020/06/11,2020/08/24,,8473.99811227433,16348.6607207907,15411.3613747591,11321.1060698908,7377.15832599578,7905.01363206049,9260.95036235824,4938.41386096412,10282.2314667786,4880.26918977639,15730.6047046054,11092.3794493722,9741.56981674396,8134.95763471443,6585.43765799794,15543.1859276826,4203.08905433072,4407.79321537213,155592.374153467
"116",2.84207824152,0.134165303574,Otuke,UG3095,,,,Northern,UG3,Uganda,UG,2020/06/11,2020/08/24,,4919.38932743156,9723.68205258809,10683.5110693509,8673.67641404644,4308.73554403102,4788.56928586587,7144.91852995846,3815.21904831333,7915.13438430196,3545.07555620163,10182.1607821062,8769.0275227325,6786.44823635742,5837.02924279682,4367.10301869176,9624.1336081503,2987.41453658603,2511.0543870721,164994.988667078
"117",2.23390354033,0.183162331315,Oyam,UG3096,,,,Northern,UG3,Uganda,UG,2020/06/11,2020/08/24,,17041.6918975851,37935.1270819772,36635.7433645669,28041.0032440526,14886.0772710154,15630.4465122856,22118.7676560655,10376.4830175359,26143.602497885,10817.3532937784,36457.3044281267,30418.9188114544,25940.0292697437,18163.2695691213,13550.5096022328,34715.20766473,10093.1552986717,9679.8705230155,225267.163013487
"118",3.45714034119,0.268570372052,Pader,UG3097,,,,Northern,UG3,Uganda,UG,2020/06/11,2020/08/24,,9329.52002118947,16074.7426447794,15948.7466594679,12399.5945915708,7386.82260814402,8609.30002275761,10802.3972556156,4851.44498529856,11963.5154998938,5604.31781661476,14395.822136071,13300.5874650225,12186.7100356237,9596.65626294934,5803.8595576674,14275.5994708836,3270.80163467233,3053.1306625476,330163.53454924
"119",1.72871337895,0.0844499836571,Pakwach,UG3098,,,,Northern,UG3,Uganda,UG,2020/06/11,2020/08/24,,6708.11773379799,13706.8345052283,13886.1354622087,9475.34102606028,4739.41986035346,5741.39800402033,8625.7015034738,4520.49847387802,10422.4540544241,4385.80980279716,13875.036211418,10974.3425117456,9926.9134013853,6637.95135089755,5907.54786873935,13219.6626136294,4089.88407490426,3675.04061676655,103853.991910372
"120",1.3721272635,0.0698220336143,Pallisa,UG2059,,,,Eastern,UG2,Uganda,UG,2020/06/11,2020/08/24,,12360.0591675341,27373.5784302093,28988.0002582408,20117.6553041786,10148.7346996311,11099.6491443738,14895.4607387912,7284.07576930802,15683.9121898822,7646.40144808311,28838.3170517348,21083.8882380761,16350.0682806522,12369.4782509468,9674.11714083981,27785.3151647747,7342.88003585022,8272.6898922082,85925.0818705057
"121",1.69571487153,0.129324617161,Rakai,UG1024,,,,Central,UG1,Uganda,UG,2020/06/11,2020/08/24,,12159.0793548375,24558.0904106349,23649.0822519343,21188.3520848919,9744.47767727636,11783.4070743909,16587.5460752314,6806.77660737978,16775.8163178572,6939.00828796811,23388.6684511006,21777.455144031,16477.1820819257,13667.8835577471,8118.31337337987,23322.7131788135,6991.42553099245,6973.73422205308,159174.454294418
"122",1.4359365489,0.0560551265826,Rubanda,UG4130,,,,Western,UG4,Uganda,UG,2020/06/11,2020/08/24,,7643.62652066443,17086.8362127449,17020.4766199868,16370.1733602267,5473.61135518178,6062.33025062736,9981.6234270595,5859.52306981944,13625.0230905693,4684.69397922093,14242.0483733416,15994.9704379328,11741.3329580612,8422.58966908045,6482.49138706271,13548.3553745411,3919.47693537222,4211.2356174076,68984.5704796547
"123",1.90228603164,0.119361174026,Rubirizi,UG4131,,,,Western,UG4,Uganda,UG,2020/06/11,2020/08/24,,5654.98321494274,11473.3789680316,10583.457298401,9166.34583605756,5075.59159606451,5378.39607875724,8061.68993526534,3420.16028708743,7859.05584110133,3763.6819815262,10746.6390589075,9123.3340477366,7441.67906757374,6463.18070296431,4483.36326107651,10736.0599439475,3222.51643778104,3431.07548913383,146920.919373974
"124",1.31045921217,0.0347062412582,Rukiga,UG4132,,,,Western,UG4,Uganda,UG,2020/06/11,2020/08/24,,3790.19207094796,7858.78187853098,8115.15035925433,8486.69690431282,2732.97491963394,3342.63951038197,4873.3059285488,2786.27038037032,7318.41614061594,2411.49408499617,6322.7795351781,8170.88718221337,6856.7189466022,4368.74277533032,3445.11335653998,6565.15626486018,1632.35690204334,1653.24273699708,42711.7547066789
"125",2.66048379797,0.124248117814,Rukungiri,UG4133,,,,Western,UG4,Uganda,UG,2020/06/11,2020/08/24,,11992.9638893863,26851.7829401745,27934.0437826058,26118.1439928226,9641.42212235671,10485.2141103894,16309.9775020089,8253.4898355559,22562.9471288715,8358.99416645872,20444.7168439976,25808.3482050272,21004.9535775986,13352.8926198508,9650.67826656066,20239.0011725426,5956.46023229102,6399.93443985435,152925.769366025
"126",1.14196051296,0.0466915259062,Rwampara,UG4134,,,,Western,UG4,Uganda,UG,2020/06/11,2020/08/24,,5439.70419103093,11335.7988738548,11518.0347002223,10392.0320554301,4745.024371868,4963.48286034353,7142.54080082104,3561.53380559012,8368.20600972325,3629.48409248143,9308.96206559241,9953.5551945623,8906.71039374731,6170.36797549576,4177.30024446733,9856.13749544695,2833.50527576031,3031.96019436372,57468.160183023
"127",1.80569300743,0.159375885332,Serere,UG2060,,,,Eastern,UG2,Uganda,UG,2020/06/11,2020/08/24,,12539.6047068164,29241.2990870476,28007.2408466227,20947.8428704888,10322.4506739136,12272.7647689823,16485.4465118609,9247.64412585273,17702.6568621881,8532.53113239631,29897.6733647808,20408.5337584168,19076.4773419984,13023.3236345481,11335.7531270124,30312.4983094931,7864.6088117715,8716.00618559122,196112.350555383
"128",1.35350802007,0.0567972979875,Sheema,UG4135,,,,Western,UG4,Uganda,UG,2020/06/11,2020/08/24,,8601.94978885725,17717.221064508,17808.9075975344,17063.3323927671,7488.01739383861,6690.34720226005,10157.9711412303,5385.89366471767,13777.8793066591,5920.16260742769,13995.3062778711,17089.851618927,13953.2835453711,8451.00396228582,6802.40904501453,13548.1718018912,4023.62299922667,3886.75333053153,69908.3494396435
"129",1.18771789505,0.0330036970751,Sironko,UG2061,,,,Eastern,UG2,Uganda,UG,2020/06/11,2020/08/24,,9004.58110093512,23636.2159980237,22168.2580047399,18275.2848160639,9011.32074220106,8471.15451928787,10848.0824584514,6636.55319851451,14001.2843732312,7445.10413347371,19799.7568738274,19104.6614126638,14171.9787058607,9155.72624676488,8148.06386333331,20757.3238148428,5033.24309528805,5010.34286291339,40616.2101349783
"130",1.59495100103,0.115110677148,Soroti,UG2062,,,,Eastern,UG2,Uganda,UG,2020/06/11,2020/08/24,,13455.4105196716,28524.2414734699,29782.9303711206,22952.1200515684,10256.9532540534,12422.6216297438,16598.6757726558,9159.89293353539,22377.4041071534,8495.76300835516,27542.4161650911,21822.7350660525,19078.3066080194,15941.181304723,11341.5516835572,28989.8364535011,8548.77530529909,8650.97048515361,141624.450353045
"131",2.45240521968,0.190139434197,Ssembabule,UG1025,,,,Central,UG1,Uganda,UG,2020/06/11,2020/08/24,,11000.731678301,23112.8033574177,22823.9134306917,20386.4534557583,9041.18660733104,10709.7590493243,15331.2134890188,6468.20606848644,15304.8064865861,7648.55047275522,22092.1571591357,21521.8750035083,16203.3801240213,13304.555793338,8116.39640554739,22207.1007162062,6193.19394841278,5859.73643394024,234043.219994234
"132",1.66707007945,0.0968233462181,Tororo,UG2063,,,,Eastern,UG2,Uganda,UG,2020/06/11,2020/08/24,,22977.5426616855,48888.5652062222,50231.3150753528,39267.5411092564,20974.8701455332,20806.4885076843,26855.4968802445,14738.0315510854,31769.4938550144,15384.398305079,45527.0192998722,36462.9301041663,31211.6222538799,22509.8529225178,18231.4250098001,45489.728764154,12079.8460018858,12710.8597041853,119171.161041623
"133",3.13447306188,0.228198056954,Wakiso,UG1026,,,,Central,UG1,Uganda,UG,2020/06/11,2020/08/24,,134107.41843633,205097.607585691,202461.332301326,213816.43506521,109621.354139807,142878.814427614,185753.131369237,69870.0509797633,207825.849769149,82580.946230297,183490.650181808,195443.561141685,172163.321581315,160093.958720913,88054.7665534345,181343.629222494,47046.8709486239,45346.7997371256,280886.556209825
"134",2.28629412086,0.189448106097,Yumbe,UG3099,,,,Northern,UG3,Uganda,UG,2020/06/11,2020/08/24,,30043.8109049108,61679.9867748106,54830.2621394675,43651.1762659089,19220.6902117222,25126.0757523426,34209.5158620859,16083.7659469855,39196.5761259147,14452.1387065223,48762.3693628032,50862.1683656774,39100.4960272363,27186.6975933672,20089.8296953612,50151.4714689767,11563.5266897283,12077.5913160209,232763.996810119
"135",1.56626263049,0.0724104154579,Zombo,UG3100,,,,Northern,UG3,Uganda,UG,2020/06/11,2020/08/24,,10426.4988499414,22430.0487553924,22431.7568911128,18431.1107518077,7791.2305435352,9064.22523591388,12954.8678222988,8171.12511340156,15304.1260848828,7102.74465690926,20896.8166482244,18510.7227102481,14941.2850609664,10410.2845283849,8342.38729950134,22157.3939815648,6107.73047060426,5339.43239323189,89046.5999345875
