,ADM0_EN,ADM0_PCODE,ADM1_EN,ADM1_PCODE,ADM2_EN,ADM2_PCODE,Male_0,Male_1,Male_2,Male_3,Male_4,Male_5,Male_6,Male_7,Male_8,Male_9,Male_10,Male_11,Male_12,Male_13,Male_14,Male_15,Male_16,Male_17,Male_18,Male_19,Male_20,Male_21,Male_22,Male_23,Male_24,Male_25,Male_26,Male_27,Male_28,Male_29,Female_0,Female_1,Female_2,Female_3,Female_4,Female_5,Female_6,Female_7,Female_8,Female_9,Female_10,Female_11,Female_12,Female_13,Female_14,Female_15,Female_16,Female_17,Female_18,Female_19,Female_20,Female_21,Female_22,Female_23,Female_24,Female_25,Female_26,Female_27,Female_28,Female_29
0,Uganda,UG,Central,UG1,BUIKWE,UG1001,8070,7620,8030,7760,7800,7520,7380,7330,6680,6560,7060,6180,6660,6650,6410,6100,6180,6290,6060,5590,5400,4620,4700,4340,4020,4030,3610,3440,3360,3070,7560,7360,7670,7560,7580,6950,6840,6710,6410,6140,6540,6110,6440,6340,6260,6080,6160,6020,5650,5490,5350,4850,4920,4810,4530,4430,4250,4080,4140,3790
1,Uganda,UG,Central,UG1,BUKOMANSIMBI,UG1002,2520,2690,2700,2660,2750,2810,2720,2510,2490,2650,2720,2670,2650,2690,2400,2190,2150,1990,1730,1390,1470,1100,1140,1130,980,1020,830,810,810,720,2360,2530,2430,2530,2500,2590,2300,2160,2190,2310,2300,2260,2380,2440,2120,1950,1850,1590,1520,1270,1200,1130,1110,1170,1010,1040,1020,1000,970,940
2,Uganda,UG,Central,UG1,BUTAMBALA,UG1003,1710,1850,1950,2000,2030,1920,1890,1850,1760,1750,2000,1680,1810,1890,1660,1630,1400,1410,1300,1000,1160,740,760,830,700,870,550,630,560,470,1610,1670,1820,1850,1870,1780,1560,1560,1590,1440,1580,1480,1620,1770,1490,1400,1370,1290,1200,1040,1000,790,770,890,720,840,670,750,710,590
3,Uganda,UG,Central,UG1,BUVUMA,UG1004,2840,2650,2710,2700,2380,1990,2010,1860,1680,1440,1440,1050,1170,1140,1360,1010,1120,1010,1250,1050,1430,1070,1300,1130,1260,1370,1190,1320,1710,1000,2630,2490,2620,2470,2190,2040,1960,1800,1600,1410,1480,1090,1290,1130,1200,840,940,880,1230,1180,1720,1210,1390,1130,1140,1290,1030,1210,1330,1010
4,Uganda,UG,Central,UG1,GOMBA,UG1005,3220,3250,3130,3090,3020,2990,2820,2790,2590,2810,2800,2770,2650,2880,2690,2510,2390,2240,2100,1780,1820,1550,1450,1520,1240,1320,1080,1200,1120,860,2920,2840,2770,2950,2680,2700,2500,2500,2420,2280,2440,2370,2370,2490,2180,1940,1830,1720,1560,1430,1460,1280,1250,1340,1140,1210,1070,1210,1040,1030
5,Uganda,UG,Central,UG1,KALANGALA,UG1006,1360,1220,1120,1130,890,700,690,600,500,500,500,350,430,420,410,350,410,420,570,510,730,670,1020,850,960,960,900,1030,1370,930,1150,1130,1120,1000,870,670,670,570,490,450,450,330,400,360,420,310,320,390,530,590,870,640,820,760,810,850,780,790,1010,650
6,Uganda,UG,Central,UG1,KALUNGU,UG1007,3130,3250,3190,3320,3280,3280,3220,3160,3030,3170,3120,3190,3020,3210,2810,2780,2650,2470,2280,1860,1750,1490,1510,1380,1210,1310,1170,1150,1010,910,3000,2970,3060,3080,3190,3200,2860,2700,2720,2770,2770,2870,2870,2940,2640,2500,2410,2410,2090,1830,1670,1480,1500,1520,1420,1420,1370,1280,1280,1200
7,Uganda,UG,Central,UG1,KAMPALA,UG1008,28180,24830,25220,24820,22680,20620,19950,19280,16810,15720,16310,13200,13760,13590,15660,13650,15360,16030,18420,17460,24470,19950,24440,22250,24640,24270,19150,19990,21970,14670,24890,22130,23120,22700,21040,19070,18950,18030,17120,15900,16330,14030,16220,16640,20450,19680,22120,22800,27500,26510,35820,28200,32180,28040,29830,28740,22830,22530,25390,16200
8,Uganda,UG,Central,UG1,KASSANDA,UG1009,5990,5810,5980,6410,5890,5550,5650,5470,5310,4740,5400,4040,4890,4470,5090,3890,4040,3510,3900,2850,3850,2420,3020,2600,2630,2730,2140,2200,2580,1590,5230,4980,5290,5530,5240,4740,5050,4580,4900,4120,4690,3630,4560,4190,4600,3320,3340,2860,3650,2870,3800,2280,3100,2520,2490,2400,1980,2050,2370,1470
9,Uganda,UG,Central,UG1,KAYUNGA,UG1010,7180,6900,7260,7410,7260,7050,7220,6760,6800,6470,6800,6190,6530,6510,6230,5840,5680,5400,4870,4410,3980,3260,3090,2920,2730,2600,2350,2250,2310,2010,7050,6740,6890,6960,6740,6670,6370,5990,6180,5750,6030,5800,6060,5980,5670,4990,4860,4710,4420,4120,3900,3420,3370,3230,2970,2890,2780,2790,3010,2710
10,Uganda,UG,Central,UG1,KIBOGA,UG1011,3900,3000,2900,2910,2740,2770,2660,2560,2450,2520,2530,2560,2340,2430,2320,2210,1990,2200,2190,2130,2000,1910,1840,1790,1600,1550,1420,1290,1130,1090,4050,3100,2710,2760,2640,2560,2430,2240,2310,2220,2120,2200,2150,2220,2150,2030,1900,1840,1800,1680,1670,1610,1480,1520,1400,1310,1360,1320,1190,1040
11,Uganda,UG,Central,UG1,KYANKWANZI,UG1012,5930,5410,5570,5920,5320,4910,4960,4710,4490,3990,4440,3360,3980,3580,4060,3050,3330,2880,3380,2710,3640,2330,2960,2510,2730,2590,2070,2180,2740,1710,5200,4970,5080,5310,4910,4180,4630,4080,4200,3780,4190,3160,3800,3590,4030,2640,2970,2460,3060,2640,3370,2210,2830,2240,2370,2280,2060,1940,2250,1460
12,Uganda,UG,Central,UG1,KYOTERA,UG1013,4300,4480,4280,4320,4320,4440,4330,4060,4020,4150,4200,4010,3940,4190,3630,3430,3400,3090,3020,2510,2360,2010,2010,1890,1780,1750,1740,1690,1610,1410,4000,4140,3980,4140,4040,3730,3670,3540,3540,3520,3520,3870,3630,3760,3410,3160,3060,2970,2690,2470,2340,2190,2250,2270,2030,1990,2020,2110,1950,1800
13,Uganda,UG,Central,UG1,LUWERO,UG1014,9100,8950,8860,9030,8550,8330,8240,8050,7740,7990,7950,7810,7750,8050,7410,7250,7030,7160,6580,6110,5720,5360,5040,5160,4530,4340,3610,3550,3400,2940,8550,8610,8400,8570,7890,7890,7230,7170,7070,6900,6890,7150,7030,7520,6710,6520,6430,6410,5990,5940,5480,5420,5030,5080,4510,4180,4190,4160,4100,3740
14,Uganda,UG,Central,UG1,LWENGO,UG1015,5050,5410,5040,5220,5180,5230,5170,4700,4660,4720,4830,4840,4490,4540,4090,3940,3620,3360,3020,2560,2370,2030,1990,1970,1770,1740,1650,1530,1530,1400,5010,5170,4970,5010,4930,4880,4570,4190,4340,4270,4290,4330,4230,4260,3890,3480,3330,2980,2840,2630,2400,2230,2210,2340,2090,2120,2080,2090,2000,1960
15,Uganda,UG,Central,UG1,LYANTONDE,UG1016,3010,2050,1950,1860,1830,1890,1760,1670,1490,1640,1570,1500,1430,1540,1430,1390,1310,1320,1210,1210,1210,1050,1140,990,880,820,810,770,710,670,3120,2050,1910,1870,1770,1700,1640,1480,1410,1440,1370,1470,1390,1400,1350,1230,1280,1240,1190,1070,1070,1070,1100,970,980,910,930,840,820,780
16,Uganda,UG,Central,UG1,MASAKA,UG1017,7090,5810,5360,5390,5400,5350,5040,4870,4440,4700,4760,4620,4570,4760,4030,4170,4030,4120,3900,3630,3460,3120,3120,3200,2910,3140,2710,2690,2480,2160,6290,5600,5260,5180,5020,4880,4640,4390,4250,4260,4330,4400,4300,4500,4110,4050,3890,3960,3700,3600,3430,3530,3450,3540,3360,3350,3120,3420,3080,2820
17,Uganda,UG,Central,UG1,MITYANA,UG1018,6360,6330,6130,6320,5870,5880,5650,5710,5140,5410,5440,5300,5170,5510,5080,4910,4780,4890,4490,4060,4160,3590,3290,3630,3100,2960,2690,2680,2320,2060,5820,5770,5650,5740,5540,5280,4930,4810,4690,4660,4570,4750,4740,4920,4600,4430,4310,4330,3990,3740,3580,3470,3240,3450,2940,2940,2810,2920,2570,2370
18,Uganda,UG,Central,UG1,MPIGI,UG1019,4860,5060,4950,4940,4820,4760,4610,4480,4100,4130,4400,4260,4210,4450,3900,3870,3660,3600,3460,3090,2970,2690,2490,2570,2400,2500,2090,2170,1990,1610,4750,4690,4730,4450,4540,4460,4140,3950,3700,3810,3750,3740,3750,3940,3700,3460,3290,3200,3020,2750,2980,2650,2530,2820,2460,2490,2280,2380,2260,1960
19,Uganda,UG,Central,UG1,MUBENDE,UG1020,11650,11060,10380,10230,9620,9140,8760,8240,7770,7830,7830,7310,7510,7250,7150,6610,6340,6440,6580,6420,6520,5740,5880,5630,5350,5100,4890,4500,4280,3950,11450,10750,10080,9750,9310,8760,7960,7480,7400,6930,7090,6670,6860,6740,6280,5940,5910,5870,6170,6150,6100,5320,5570,5560,5380,5080,4900,4770,4520,4210
20,Uganda,UG,Central,UG1,MUKONO,UG1021,11200,10980,11550,11680,10950,10700,10440,10300,9350,9390,9690,8900,8960,9200,8570,8560,8430,8740,8010,7680,7690,6850,6980,6770,6180,6370,5570,5450,5250,4780,11070,10840,11330,11240,10760,10280,9360,9250,8920,8690,8790,8600,8850,9030,8640,8960,9050,9200,8500,8310,8310,7770,7850,7970,7640,7420,6940,7030,6660,6120
21,Uganda,UG,Central,UG1,NAKASEKE,UG1022,4190,3690,4450,4550,4170,3800,3840,3890,3630,3450,3830,2860,3510,3490,3760,2830,3070,2780,3010,2300,3040,1930,2470,2170,2350,2410,1990,2130,2430,1400,3380,3390,3350,3680,3510,3180,3390,3160,3210,2890,3280,2590,3130,3060,3390,2360,2550,2130,2540,2000,2560,1690,1960,1820,1780,1760,1360,1470,1810,1020
22,Uganda,UG,Central,UG1,NAKASONGOLA,UG1023,4030,3970,3730,3710,3550,3370,3460,3360,3250,3180,3280,3180,3110,3160,3020,3030,2730,2810,2840,2700,2600,2360,2110,2150,1950,1840,1790,1650,1700,1660,4270,3740,3570,3500,3370,3280,3170,3080,2860,3000,2890,2880,2880,2820,2700,2650,2620,2460,2320,2240,2060,1950,1900,1770,1700,1420,1570,1560,1610,1460
23,Uganda,UG,Central,UG1,RAKAI,UG1024,6180,6170,5990,5860,5790,5590,5570,4990,5180,4960,5210,4980,4890,5030,4370,4210,3810,3310,3220,2870,2730,2370,2450,2340,2190,2000,1940,1850,1790,1630,5950,5980,5630,5540,5610,5300,5070,4510,4840,4590,4750,4590,4570,4480,4160,3390,3360,2890,2960,2910,2790,2470,2670,2470,2410,2240,2280,2200,2340,2030
24,Uganda,UG,Central,UG1,SSEMBABULE,UG1025,5580,5620,5190,5050,5070,5050,4980,4570,4550,4670,4610,4610,4550,4420,4130,3890,3660,3320,3250,2870,2760,2550,2570,2330,2140,2040,1960,2010,1820,1730,5360,5410,5030,4840,5050,4860,4450,4290,4200,4210,4200,4240,4020,3940,3800,3280,3190,2990,2920,2760,2640,2480,2410,2370,2200,2250,2150,2220,2120,2110
25,Uganda,UG,Central,UG1,WAKISO,UG1026,53000,50490,51970,51970,47990,43920,42570,40540,36330,33390,35620,27400,29230,27860,31080,26070,28290,28290,30860,25440,33520,24200,29440,28140,31380,32860,25070,28210,32570,20540,48220,45450,47650,48300,44520,41100,41440,38830,36640,32630,34550,28260,32760,32580,39210,34790,38450,37710,44550,38330,51090,37360,44110,40480,43300,42910,33890,34480,38730,24910
26,Uganda,UG,Eastern,UG2,AMURIA,UG2027,4940,4480,4200,4020,3990,3900,3830,3850,3450,3700,3170,3980,3310,3320,3100,3170,3260,3090,2740,2840,2300,2160,1930,1750,1500,1240,1240,1100,1110,1150,5860,4280,4020,3820,3810,3890,3530,3740,3260,3400,2980,3580,3100,3020,2960,2990,2890,2860,2660,2560,2180,1920,1960,1700,1520,1590,1460,1450,1480,1480
27,Uganda,UG,Eastern,UG2,BUDAKA,UG2028,5360,5070,4810,4540,4560,4470,4290,4090,4110,3850,3970,3920,3720,3570,3680,3560,3400,3300,3030,2780,2530,2250,1980,1770,1650,1330,1300,1250,1170,1200,5210,5030,4630,4390,4520,4420,3790,3710,3810,3700,3690,3650,3500,3500,3560,3270,3160,3000,3020,2710,2380,2420,2220,1910,1760,1720,1740,1760,1560,1660
28,Uganda,UG,Eastern,UG2,BUDUDA,UG2029,4180,4210,4610,4310,4700,4410,4790,4120,4680,4290,4700,4180,4440,3870,4750,4220,4050,3310,3570,3210,3060,2480,2540,1950,2850,1680,1930,1500,1430,1510,4260,4120,4770,4180,4760,4370,4540,3770,4290,4070,4310,3700,4220,3540,4210,3830,3970,3290,3420,2890,2780,2400,2410,1870,2730,1610,2090,1610,1610,1620
29,Uganda,UG,Eastern,UG2,BUGIRI,UG2030,9970,9870,9180,8960,8990,8560,8540,8070,8020,7650,7800,7370,7060,6870,6930,6500,6150,6070,5330,5450,4490,4470,3840,3310,3250,2750,2680,2470,2350,2410,9820,9460,8880,8590,8750,8220,7890,7510,7430,6960,7340,6870,6670,6530,6370,5730,5740,5420,5240,5220,4770,4630,4070,3700,3720,3250,3470,3430,3290,3370
30,Uganda,UG,Eastern,UG2,BUGWERI,UG2031,3340,3600,3330,3360,3540,3220,3290,3110,3120,3000,3300,2780,3030,2760,2910,2520,2670,2410,2280,2050,2000,1580,1430,1260,1150,1140,980,900,940,770,3280,3550,3310,3420,3350,3260,3000,2810,2760,2700,2970,2680,2910,2820,2810,2460,2470,2210,2170,2010,2010,1780,1670,1540,1530,1510,1380,1220,1360,1360
31,Uganda,UG,Eastern,UG2,BUKEDEA,UG2032,5580,5180,4580,4380,4620,4350,4380,4240,4190,4160,4030,4150,3980,3690,3590,3490,3180,3050,2870,2870,2580,2550,2090,1880,1790,1500,1450,1390,1260,1270,5420,5030,4710,4380,4410,4250,4180,4070,4060,3810,3750,3820,3630,3450,3350,3180,2940,2730,2760,2680,2540,2310,2190,2110,1910,1730,1740,1800,1740,1630
32,Uganda,UG,Eastern,UG2,BUKWO,UG2033,2760,2260,2390,2560,2370,2240,2170,2210,2230,2020,1960,1730,1900,1540,2000,1390,1490,1280,1340,1090,1200,950,1060,790,990,720,820,770,820,610,2320,2020,2180,2240,2120,1920,2090,1920,1910,1760,1850,1610,1750,1570,1850,1300,1440,1240,1370,1140,1250,1040,1070,730,1080,730,930,770,910,710
33,Uganda,UG,Eastern,UG2,BULAMBULI,UG2034,3520,3290,3630,3520,4000,3650,3950,3560,3780,3740,3490,3220,3540,3080,3630,3020,3260,2760,2710,2600,2250,2180,2080,1700,2340,1220,1540,1280,1350,1210,3590,3480,3640,3640,3890,3870,3810,3460,3440,3570,3360,3160,3310,2810,3460,2980,3200,2730,2630,2290,2150,1980,1990,1620,2260,1550,1710,1490,1650,1490
34,Uganda,UG,Eastern,UG2,BUSIA,UG2035,7230,7220,6630,6680,6210,6330,6260,6070,5910,5970,5750,6050,5710,5370,5290,5170,4850,5130,4490,4700,3780,3970,3300,3020,2900,2340,2460,2330,2160,2310,7020,6750,6570,6430,6150,6090,5720,5670,5500,5550,5360,5760,5250,5200,5100,5110,4900,4980,4490,4590,3830,4150,3710,3260,3110,3010,3050,3090,2840,2870
35,Uganda,UG,Eastern,UG2,BUTALEJA,UG2036,7960,6500,5940,5810,5620,5370,5310,4890,5120,4650,4850,4680,4280,4320,4070,4070,3690,3550,3330,3250,2840,2990,2400,2150,1890,1610,1750,1520,1390,1460,6970,6230,5710,5600,5530,5270,4860,4650,4430,4410,4430,4260,3980,4040,3850,3640,3410,3380,3240,3250,2840,3050,2560,2190,2210,1960,2140,2110,1860,2150
36,Uganda,UG,Eastern,UG2,BUTEBO,UG2037,2580,2460,2380,2210,2240,2050,2020,1990,2000,1910,1880,1920,1770,1790,1820,1800,1590,1500,1420,1340,1210,1150,1000,860,780,650,670,590,550,550,2540,2460,2290,2130,2140,2070,1900,1870,1800,1780,1780,1860,1730,1770,1630,1590,1560,1420,1350,1380,1240,1100,1070,880,850,790,830,780,740,750
37,Uganda,UG,Eastern,UG2,BUYENDE,UG2038,9790,9230,8710,8410,8190,7880,7680,7030,7110,6490,6950,6110,6190,5840,5830,5110,5100,4460,4210,4040,3870,3720,3230,2910,2730,2570,2560,2320,2320,1990,9780,9070,8520,8340,8210,7480,7020,6500,6410,5930,6140,5700,5600,5560,5160,4730,4400,4010,4290,4380,4570,3890,3450,3120,3060,3130,2850,2880,2940,2620
38,Uganda,UG,Eastern,UG2,IGANGA,UG2039,7180,7120,6940,6970,6740,6340,6470,6250,5810,5970,6150,5850,5990,5590,5680,5460,5390,5130,4890,4640,4510,3940,3400,3280,3140,2900,2690,2480,2430,2160,6710,6690,6870,6620,6510,6240,5740,5720,5590,5570,5850,5520,5760,5760,5640,5390,5320,5290,4850,4870,4690,4370,4020,3740,3710,3440,3260,3110,3280,3240
39,Uganda,UG,Eastern,UG2,JINJA,UG2040,8730,8270,8740,8860,8850,7810,8270,7860,7600,7060,7800,6060,7260,6710,7680,6120,6730,5910,6380,5380,6310,4500,5280,4400,4780,4840,3680,3830,4470,2980,8120,7540,8060,8470,8060,7320,7850,7620,7580,6960,7700,6140,7610,7190,8280,6540,7190,6410,7290,6250,7470,5430,6150,4970,5080,4930,3980,3850,4670,3250
40,Uganda,UG,Eastern,UG2,KABERAMAIDO,UG2041,2770,2570,2290,2250,2170,2150,2210,2250,2110,2140,2050,2410,2000,1980,1890,1890,1940,1740,1610,1520,1300,1430,1190,1060,950,850,830,830,720,760,3180,2490,2170,2250,2160,2120,2020,2070,1910,2010,1820,2250,1810,1790,1740,1880,1800,1690,1440,1460,1200,1190,1100,1120,930,920,870,960,940,950
41,Uganda,UG,Eastern,UG2,KALAKI,UG2042,2890,2580,2780,2630,2570,2430,2640,2690,2480,2410,2280,2180,2210,2070,2280,1750,2070,1770,1760,1300,1370,990,1050,830,830,720,640,690,830,640,2560,2330,2420,2540,2500,2470,2360,2400,2310,2180,2100,1910,2150,1880,2230,1760,1930,1550,1720,1360,1460,1070,1180,870,900,860,730,870,990,700
42,Uganda,UG,Eastern,UG2,KALIRO,UG2043,5820,5440,5370,5310,5420,5240,5090,4720,4770,4520,4660,4330,4260,4250,4060,3920,3930,3470,3320,3030,2920,2590,2290,2200,2010,1770,1730,1540,1460,1470,5640,5560,5340,5450,5310,5100,4680,4510,4260,4200,4430,4040,4120,4080,3970,3550,3540,3080,3180,3130,3130,2650,2310,2250,2160,2140,1980,1940,1970,1870
43,Uganda,UG,Eastern,UG2,KAMULI,UG2044,10320,10210,9920,9940,10130,9650,9570,9150,9030,8850,9470,8610,8580,8930,8370,8190,7860,7410,6810,6420,5650,5290,4370,4150,3780,3510,3200,3110,2940,2640,9830,10110,9750,9740,9630,9110,8690,8480,8170,8270,8220,8130,8060,8540,8000,7370,6970,6480,6270,6110,5510,5300,4660,4270,4150,4000,3810,3690,3810,3790
44,Uganda,UG,Eastern,UG2,KAPCHORWA,UG2045,2010,1840,2030,2170,2130,1950,2080,2020,2020,1890,2090,1760,1990,1600,1960,1450,1720,1410,1570,1270,1370,1090,1090,870,1050,700,790,720,840,630,1880,1650,1900,1980,1880,1720,1970,1860,1840,1780,1980,1670,1860,1720,1820,1580,1850,1480,1570,1320,1510,1150,1260,970,1140,830,970,800,1050,690
45,Uganda,UG,Eastern,UG2,KAPELEBYONG,UG2046,2500,2190,1990,1900,1820,1770,1810,1710,1710,1610,1640,1840,1470,1520,1610,1430,1490,1430,1280,1230,1050,1080,980,770,570,610,560,490,500,440,2220,2000,1990,1790,1820,1740,1690,1670,1550,1530,1450,1650,1340,1320,1270,1270,1220,1250,1210,1090,980,990,840,790,650,700,660,620,670,620
46,Uganda,UG,Eastern,UG2,KATAKWI,UG2047,3540,3440,3280,3120,3170,3370,3240,3180,3120,2980,2890,3040,2920,2790,2730,2760,2550,2530,2360,2240,2080,2090,1900,1620,1550,1340,1200,1220,1120,1010,3340,3140,3030,2850,2990,3150,3050,2970,2900,2630,2750,2800,2610,2520,2440,2400,2430,2220,2140,2030,1900,1810,1680,1570,1380,1420,1310,1340,1360,1190
47,Uganda,UG,Eastern,UG2,KIBUKU,UG2048,5470,5060,4890,4770,4710,4520,4350,3940,4240,3880,4160,3790,3570,3600,3600,3360,3270,3070,2840,2620,2570,2240,2020,1670,1580,1340,1430,1270,1150,1150,5480,5390,4760,4620,4610,4400,4120,3820,3660,3570,3840,3720,3540,3370,3560,3220,2910,2830,2840,2790,2600,2520,2190,1880,1860,1670,1740,1600,1560,1630
48,Uganda,UG,Eastern,UG2,KUMI,UG2049,5520,5150,4720,4640,4900,4760,4830,4670,4620,4550,4440,4490,4510,4150,4100,4040,3820,3680,3340,3280,2810,2710,2400,2230,1940,1720,1680,1530,1440,1510,5200,4910,4680,4540,4620,4570,4350,4420,4220,4150,4080,4120,4120,3790,3690,3820,3480,3390,3050,2870,2740,2540,2410,2310,2040,1970,2050,1990,1990,1960
49,Uganda,UG,Eastern,UG2,KWEEN,UG2050,2010,1790,2140,2060,2180,1970,2050,1970,1900,1780,1860,1660,1750,1390,1870,1440,1610,1250,1300,1090,1220,900,1010,750,1010,670,770,650,890,670,1800,1570,1890,1810,1900,1710,1830,1720,1720,1590,1720,1440,1590,1390,1580,1230,1420,1200,1350,980,1220,970,1020,760,980,690,760,730,790,670
50,Uganda,UG,Eastern,UG2,LUUKA,UG2051,4910,4850,4730,4680,4610,4520,4550,4230,4220,4210,4520,4140,4250,4080,4140,4000,3810,3470,3260,2890,2710,2330,2010,1840,1720,1560,1410,1220,1310,1110,4940,4900,4830,4630,4750,4620,4420,4190,4010,4040,4140,3880,4180,3950,3770,3650,3480,3200,3060,2880,2830,2440,2260,2010,2020,1960,1820,1750,1740,1730
51,Uganda,UG,Eastern,UG2,MANAFWA,UG2052,3280,3090,3310,3330,3190,2870,3120,3030,3000,2820,2850,2430,2660,2310,2880,2160,2320,2030,2120,1650,1650,1250,1320,1000,1280,760,920,830,950,730,2990,2850,3100,3130,2940,2860,3050,2740,2900,2710,2720,2430,2770,2300,2840,2190,2250,2000,2200,1820,1810,1440,1520,1120,1300,1010,1130,980,1150,830
52,Uganda,UG,Eastern,UG2,MAYUGE,UG2053,11300,10610,10980,10230,10390,9890,9890,9160,9210,8710,9140,8130,8600,7600,7700,7320,7520,6760,6390,5960,5520,5100,4750,4250,3910,3730,3590,3190,3160,3050,11220,10620,10680,10100,10160,9640,9040,8510,8490,7860,8280,7620,8010,7500,7410,6520,6730,6160,6450,6100,6220,5760,5410,4810,4680,4430,4680,4300,4300,4200
53,Uganda,UG,Eastern,UG2,MBALE,UG2054,8810,9320,9380,8670,8810,8450,8560,8100,8100,7790,8060,8000,7940,7100,7640,7140,7130,6820,6690,6770,6490,6290,6280,5140,5400,4180,4440,3530,3560,3480,9280,9180,9770,9010,9070,8460,8490,7930,7950,7720,7990,7910,8210,7400,8090,8000,8130,7870,7700,7430,6840,7010,7010,5610,5870,4920,5670,4810,4910,4690
54,Uganda,UG,Eastern,UG2,NAMAYINGO,UG2055,4930,4840,4580,4460,4310,4140,4290,3990,3950,3590,3700,3580,3610,3150,3300,2970,2930,2720,2570,2370,2150,2200,2020,1900,1760,1490,1630,1300,1460,1500,4550,4560,4530,4390,4240,4010,3810,3670,3560,3270,3410,3350,3190,2650,2920,2650,2610,2460,2560,2550,2300,2350,2180,1960,1920,1720,1960,1800,1770,1900
55,Uganda,UG,Eastern,UG2,NAMISINDWA,UG2056,4490,4270,4600,4740,4750,4210,4640,4210,4280,3830,3950,3220,3470,2990,3810,2780,2870,2440,2550,1970,2130,1600,1700,1270,1770,1140,1280,1070,1330,960,4040,3790,4250,4350,4280,3870,4390,3980,3970,3500,3720,3270,3440,2850,3760,2710,2770,2500,2710,2230,2380,1760,2060,1370,1840,1250,1590,1240,1530,1200
56,Uganda,UG,Eastern,UG2,NAMUTUMBA,UG2057,6040,6330,5730,6010,5870,5590,5530,5060,5100,4910,5020,4720,4580,4630,4520,4420,4070,3790,3600,3350,3000,2890,2290,2100,1870,1850,1750,1540,1430,1460,5970,6170,5880,5580,5690,5510,4920,4780,4520,4370,4550,4200,4270,4150,4060,3640,3580,3330,3250,3030,3010,2980,2500,2380,2260,2170,2200,1840,1980,2000
57,Uganda,UG,Eastern,UG2,NGORA,UG2058,3080,2970,2840,2690,2810,2750,2830,2670,2650,2510,2440,2600,2430,2380,2320,2330,2270,2100,2090,2000,1760,1540,1360,1280,1140,1020,910,940,910,760,3060,2950,2760,2630,2750,2700,2620,2510,2460,2370,2310,2430,2470,2220,2260,2110,2190,2040,1870,1850,1760,1530,1490,1330,1250,1220,1170,1140,1130,1050
58,Uganda,UG,Eastern,UG2,PALLISA,UG2059,7090,6900,6650,6220,6390,5930,6120,5720,5800,5320,5720,5470,5400,5120,5020,5050,5050,4500,4290,4060,3900,3250,3000,2570,2230,2170,2000,1900,1690,1750,7230,6740,6280,6140,6330,5860,5650,5400,5440,5130,5380,5230,5250,4950,4850,4810,4710,4060,3950,3790,3910,3290,2980,2750,2510,2600,2470,2330,2210,2250
59,Uganda,UG,Eastern,UG2,SERERE,UG2060,6730,6680,6580,6320,6580,6350,6340,6070,6020,5650,5490,5600,5480,5070,4900,4910,4930,4420,4250,4020,3670,3460,3110,2710,2420,2260,2290,2110,2000,2020,6600,6570,6630,6410,6520,6380,5870,5810,5510,5320,5260,5420,5030,4740,4630,4650,4600,4190,4120,3910,3580,3330,3070,2950,2540,2660,2500,2660,2490,2500
60,Uganda,UG,Eastern,UG2,SIRONKO,UG2061,4780,4610,4940,5080,4860,4450,4760,4470,4360,3910,4480,3660,4370,3760,4730,3640,3990,3210,3450,2480,2900,1780,2260,1560,1980,1450,1520,1400,1720,1090,4220,3970,4470,4550,4400,3970,4230,3930,4080,3560,4230,3310,4200,3580,4540,3320,3850,3060,3300,2550,2800,2070,2290,1720,2060,1620,1670,1640,1710,1320
61,Uganda,UG,Eastern,UG2,SOROTI,UG2062,6200,6610,6230,6050,6000,5800,5920,5470,5460,5300,4900,5600,4820,4860,4760,4870,4810,4880,4850,4790,4010,4210,3620,3490,2950,2740,2470,2500,2400,2160,7690,6460,6080,5650,5540,5680,5370,5450,4930,5020,4760,5500,4730,4740,4720,4820,4820,4930,4720,4610,4140,3900,3630,3350,2940,3160,2990,2940,2920,2590
62,Uganda,UG,Eastern,UG2,TORORO,UG2063,11700,10920,10930,11020,10350,10220,10330,10030,9960,9190,9890,8580,8760,8260,9430,7830,7670,6940,7060,5760,6050,5050,4740,3880,3870,3490,2940,3110,3280,2500,10650,9950,10220,10200,9820,9280,9870,9730,9610,9150,9840,8560,8980,8420,9540,7670,7490,7050,7570,6380,6890,5690,5600,4290,4350,3990,3650,3810,4040,3310
63,Uganda,UG,Northern,UG3,ABIM,UG3064,2480,2530,2780,2430,2950,2680,2850,2420,2780,2250,2640,1970,2610,2130,2380,2290,2260,1740,2080,1450,1740,1430,1330,1340,1210,1260,1040,920,940,890,2560,2520,2860,2470,2920,2630,2720,2270,2760,2160,2480,2160,2420,2020,2260,2090,2090,1590,2010,1660,1850,1420,1420,1390,1280,1270,1190,1000,1270,1010
64,Uganda,UG,Northern,UG3,ADJUMANI,UG3065,4790,4980,5030,4700,4730,4610,4350,4220,4010,3790,3870,3180,3540,3470,3930,3200,3220,2690,2740,1950,2170,1550,1700,1450,1490,1490,1270,1280,1430,1030,4370,4400,4520,4320,4320,4360,4110,4050,3780,3690,3790,3100,3490,3460,3850,3090,3020,2440,2750,2230,2760,1860,2190,1770,1780,2070,1710,1750,2210,1640
65,Uganda,UG,Northern,UG3,AGAGO,UG3066,5110,4800,5120,5040,4890,4690,5180,4650,4830,4120,4000,3290,3800,3290,4420,3250,3670,2640,3010,1940,2360,1600,1800,1260,1360,1290,1080,1220,1630,970,4570,4540,4730,4830,4610,4510,4760,4560,4580,3820,4030,3060,3690,3270,4300,3070,3220,2510,2930,2290,2960,1960,2130,1620,1680,1660,1400,1510,2130,1410
66,Uganda,UG,Northern,UG3,ALEBTONG,UG3067,5010,4560,4500,4540,4200,4170,4420,4180,4480,4180,3740,4460,4020,3780,4100,3760,4080,3540,3290,2810,2610,2500,2280,1790,1770,1670,1620,1350,1540,1610,4860,4510,4390,4490,4180,4000,4080,3920,4090,3940,3640,4110,3730,3530,3780,3420,3710,3140,3170,2980,2800,2460,2420,2020,1970,2070,1900,1870,1920,2040
67,Uganda,UG,Northern,UG3,AMOLATAR,UG3068,2770,2900,2850,2920,2770,2660,2850,2730,2680,2850,2430,2800,2620,2280,2400,2280,2340,2130,2030,2020,1870,1880,1640,1420,1290,1180,1170,1160,1050,1100,2760,2870,2790,2730,2770,2570,2690,2640,2400,2490,2370,2600,2360,2130,2190,2110,2280,2110,1990,1880,1780,1830,1500,1410,1230,1290,1320,1350,1170,1270
68,Uganda,UG,Northern,UG3,AMUDAT,UG3069,2040,1540,2640,2000,2990,2270,2860,1920,2850,2110,2940,1760,2520,1720,2340,2090,1950,1450,1690,1230,1560,900,1440,810,1160,1170,850,780,830,840,2240,1800,2960,2250,3100,2570,2830,1920,2820,1990,2770,1560,2160,1450,1890,1730,1630,1090,1380,1160,1560,960,1010,800,1290,1390,1120,930,1070,870
69,Uganda,UG,Northern,UG3,AMURU,UG3070,4200,4330,3980,3790,3650,3700,3800,3660,3650,3500,3420,3550,3600,3080,3170,2980,2860,2300,2630,2260,2170,2030,1880,1740,1550,1640,1440,1080,1310,1080,3980,4280,3840,3790,3720,3670,3520,3480,3400,3170,3240,3190,3280,2910,2960,2550,2540,2160,2430,2230,2290,2070,2090,1760,1660,1680,1580,1350,1690,1460
70,Uganda,UG,Northern,UG3,APAC,UG3071,3730,3560,4100,4050,4090,3470,3890,3900,3770,3760,3700,3320,3550,3100,3780,2840,3230,2650,2790,2150,2440,1840,2120,1530,1690,1630,1460,1380,1630,1330,3480,3360,3790,3690,3700,3320,3680,3740,3700,3580,3600,3110,3650,3020,3720,2770,2990,2610,2930,2450,3060,2130,2210,1780,1810,1750,1620,1570,1730,1450
71,Uganda,UG,Northern,UG3,ARUA,UG3072,14420,12540,13260,14070,12900,13150,12790,12730,11530,11270,11810,9360,11080,10120,11850,9100,9670,8440,9160,6770,7810,5350,6490,5050,5170,5580,4490,4640,5330,3550,13200,11470,12030,13290,11950,11960,12680,11970,11560,10780,11630,9140,11300,10360,11860,9300,10200,9000,10320,8060,10050,6170,8010,6310,6460,7030,5460,5480,6990,4480
72,Uganda,UG,Northern,UG3,DOKOLO,UG3073,3900,3610,3790,3830,3830,3480,3940,3730,3820,3560,3810,3260,3430,3090,3880,2910,3320,2550,2710,1960,2140,1550,1720,1280,1390,1400,1100,1250,1350,1000,3510,3310,3450,3540,3650,3410,3640,3570,3690,3280,3530,3220,3340,3040,3710,2840,3070,2470,2890,2250,2600,1830,1980,1420,1690,1620,1380,1520,1700,1190
73,Uganda,UG,Northern,UG3,GULU,UG3074,5390,5280,5560,5520,5300,4890,5190,4980,4900,4420,4970,4090,4630,4260,5220,3960,4330,3720,4230,3080,4150,2850,3370,2810,3070,3110,2490,2310,2980,1950,4880,4650,4940,5170,5050,4570,4850,4820,4720,4360,4860,3930,4660,4460,5530,4290,4780,3910,4530,3650,4910,3480,3840,2970,3320,3310,2690,2460,3280,2120
74,Uganda,UG,Northern,UG3,KAABONG,UG3075,1990,1490,2220,2250,2520,2430,2440,1990,2210,1550,2290,1190,2040,1380,1940,1900,1730,1320,1500,930,1300,700,710,560,850,880,660,690,960,710,1260,1180,1690,2050,2170,2160,2520,1940,2300,1650,2480,1070,2180,1510,1930,1850,1680,1300,2170,1300,2230,1120,1290,1040,1630,1560,1090,970,1510,1210
75,Uganda,UG,Northern,UG3,Karenga,UG3076,1190,910,1400,1330,1500,1260,1290,1060,1370,830,1150,620,990,780,1000,690,990,480,760,570,990,420,560,430,670,640,460,460,700,440,1270,950,1450,1420,1570,1360,1360,1120,1390,850,1220,670,1030,800,1070,810,1050,580,790,550,920,430,520,390,620,590,440,470,660,440
76,Uganda,UG,Northern,UG3,KITGUM,UG3077,4200,3910,3920,3610,3610,3650,3880,3550,3660,3330,3150,3200,3030,2890,3230,3020,3170,3010,2930,2560,2390,2200,1980,1820,1540,1470,1380,1310,1430,1400,3890,3870,3980,3550,3480,3600,3490,3360,3240,3140,3010,2960,2870,2820,3040,2990,2980,2660,2580,2450,2420,2120,1990,1740,1640,1810,1700,1600,1890,1780
77,Uganda,UG,Northern,UG3,KOBOKO,UG3078,5100,4730,4820,4700,4710,4590,4460,4140,4070,4080,3960,3640,3830,3620,3480,3490,3410,3370,3400,3200,2910,2480,2550,2130,2040,2150,1880,1680,1820,1580,4700,4550,4310,4560,4370,4360,3960,3970,3830,3780,3550,3320,3480,3480,3200,3460,3100,3010,3150,2720,3050,2210,2440,2140,2100,2620,2010,1920,2210,1800
78,Uganda,UG,Northern,UG3,KOLE,UG3079,5310,4970,5280,5500,5100,4910,4950,4940,4890,4430,4730,4020,4480,3950,4910,3720,4090,3310,3490,2810,3110,2310,2300,1800,1980,1930,1740,1560,1920,1390,4640,4460,4830,4960,4730,4380,4730,4760,4760,4340,4470,3880,4370,3800,4670,3430,3940,3360,3930,3180,3600,2550,2580,1960,2230,2110,1850,1660,2000,1740
79,Uganda,UG,Northern,UG3,KOTIDO,UG3080,3280,2990,3670,3370,4250,3410,3880,2770,3560,2530,3590,2120,3150,2320,2870,2760,2980,2100,2720,1990,2520,1610,1870,1360,1900,1760,1630,1350,1650,1260,3310,3010,3730,3690,4410,3730,4000,2910,3910,2510,3580,2110,3130,2160,2790,2680,3040,2230,2600,1640,2400,1420,1790,1500,2260,2170,1960,1680,2290,1550
80,Uganda,UG,Northern,UG3,KWANIA,UG3081,3620,3530,3860,3940,3840,3560,3760,3680,3780,3650,3780,3320,3380,3050,3680,2720,3140,2580,2780,2010,2310,1730,1850,1400,1580,1460,1270,1360,1430,1180,3420,3500,3550,3740,3710,3440,3760,3530,3830,3340,3520,3140,3470,2960,3720,2610,2870,2350,2930,2290,2690,2080,2090,1470,1710,1560,1390,1520,1510,1280
81,Uganda,UG,Northern,UG3,LAMWO,UG3082,2730,2690,2540,2480,2360,2430,2460,2570,2390,2250,2120,2100,2080,1910,2070,2030,1860,1710,1610,1390,1300,1160,1100,880,910,870,880,750,830,690,2670,2620,2550,2500,2410,2450,2360,2430,2190,2180,1980,2060,2080,1770,1990,1880,1780,1500,1380,1390,1370,1190,1240,1170,1060,1130,1070,980,1210,1090
82,Uganda,UG,Northern,UG3,LIRA,UG3083,8180,7560,8030,8070,7660,7340,7580,7370,7610,6550,7040,6170,6700,5920,7450,5940,6470,5570,6240,4680,5540,3930,4390,3510,4140,4310,3370,3420,4180,2670,7700,7040,7560,7790,7380,6910,7600,7260,7550,6620,7380,6520,7270,6620,7980,6120,6770,6100,7160,5850,7060,4980,5240,4260,4840,4980,4120,4020,4900,3210
83,Uganda,UG,Northern,UG3,Madi Okollo,UG3084,3300,2960,3040,3160,2800,2980,2830,2750,2590,2400,2630,1990,2550,2190,2730,2050,2170,1830,2070,1550,1780,1120,1390,1030,1100,1180,1000,950,1140,760,2990,2660,2670,2940,2610,2650,2730,2590,2520,2110,2480,1810,2390,1980,2360,1760,1980,1730,2130,1610,2190,1260,1630,1190,1270,1450,1100,1010,1520,890
84,Uganda,UG,Northern,UG3,MARACHA,UG3085,4230,3750,3900,4100,3890,3910,3920,3610,3550,3470,3500,2730,3520,2930,3380,2520,2750,2170,2220,1580,1760,1130,1410,1120,1100,1150,1060,1080,1210,770,3910,3430,3500,3920,3630,3480,3740,3240,3440,3190,3150,2500,3130,2710,3110,2310,2630,2270,2590,2130,2510,1550,2000,1590,1660,1640,1280,1410,1840,1120
85,Uganda,UG,Northern,UG3,MOROTO,UG3086,1990,1830,2090,2070,2460,2110,2250,1760,1950,1370,1970,1080,1630,1260,1270,1560,1310,1120,1140,940,1370,890,850,900,1130,1230,880,800,910,810,2010,1870,2250,2320,2670,2270,2270,1750,1990,1310,2030,1020,1650,1170,1340,1560,1460,1230,1290,1010,1610,850,1040,930,1220,1510,910,920,1000,840
86,Uganda,UG,Northern,UG3,MOYO,UG3087,1660,1670,1670,1790,1700,1820,1900,1950,1710,1790,1760,1470,1650,1610,2010,1570,1510,1320,1410,1030,1240,960,960,800,910,820,600,710,780,570,1510,1600,1600,1590,1580,1660,1770,1690,1700,1620,1650,1530,1590,1550,1740,1370,1430,1210,1320,1160,1170,890,980,850,910,900,740,750,880,710
87,Uganda,UG,Northern,UG3,NABILATUK,UG3088,1220,1140,1680,1590,1860,1620,1750,1340,1660,1180,1660,1030,1370,1110,1230,1510,1340,1070,1130,950,1040,670,680,600,730,800,560,470,640,540,1290,1140,1640,1740,2040,1720,1720,1360,1670,1160,1610,980,1390,1040,1270,1470,1410,1060,1190,790,1020,580,680,550,740,920,740,580,930,710
88,Uganda,UG,Northern,UG3,NAKAPIRIPIRIT,UG3089,1770,1610,2160,1980,2190,1990,2110,1470,1910,1220,1830,1090,1630,1220,1400,1570,1580,1170,1230,1100,1370,820,880,800,1030,1070,820,780,880,790,1850,1560,2110,1940,2420,2050,2040,1570,1960,1230,1780,1060,1570,1150,1420,1500,1570,1190,1390,1060,1340,820,900,790,1060,1210,1040,870,1080,860
89,Uganda,UG,Northern,UG3,NAPAK,UG3090,2670,2300,2950,2910,3160,2820,3030,2450,2760,1770,2490,1590,2180,1790,1940,2360,1970,1580,1660,1230,1550,970,1020,910,1140,1320,920,800,1130,710,2790,2430,3160,3080,3360,3160,2990,2640,2690,1840,2650,1630,2210,1670,1790,2300,2170,1630,1780,1340,1830,1030,1230,980,1390,1780,1290,1390,1800,1120
90,Uganda,UG,Northern,UG3,NEBBI,UG3091,5540,5430,5320,5440,4780,5240,4890,4990,4690,4510,4610,3940,4360,4130,4750,3640,3620,2980,3410,2390,2770,2060,2190,1850,1790,1730,1450,1510,1680,1150,5120,4820,4810,4920,4480,4690,4610,4500,4430,4180,4410,3750,4380,3770,4540,3420,3490,3200,3840,2820,3520,2360,2770,2090,1950,2210,1750,1710,2150,1450
91,Uganda,UG,Northern,UG3,NWOYA,UG3092,4980,4760,4730,4600,4320,4310,4560,4300,4170,3600,3760,3530,3580,3350,3650,2950,3000,2550,2690,1900,2410,1800,1920,1500,1550,1760,1300,1340,1650,1130,4640,4600,4480,4330,4120,4010,3870,3850,3790,3440,3550,3100,3410,3080,3710,2690,2620,2440,2820,2250,2800,1920,2220,1670,1730,1740,1310,1460,1800,1280
92,Uganda,UG,Northern,UG3,OBONGI,UG3093,970,840,950,860,890,900,890,900,850,750,780,610,790,680,760,690,740,670,630,570,540,450,410,370,390,380,370,320,310,290,850,790,800,820,830,810,770,760,690,680,730,640,680,660,600,660,620,500,540,480,500,420,390,360,400,400,390,370,370,360
93,Uganda,UG,Northern,UG3,OMORO,UG3094,3460,3470,3400,3400,3230,3040,3340,3090,3040,3070,3040,3110,3120,2890,2980,2860,3010,2580,2610,2180,2030,1960,1770,1460,1390,1330,1300,1060,1180,1130,3260,3350,3230,3210,3120,2980,2920,2970,2910,2960,2690,2820,2780,2670,2670,2590,2420,2430,2310,2110,2000,1950,1710,1590,1420,1430,1460,1310,1400,1460
94,Uganda,UG,Northern,UG3,OTUKE,UG3095,2830,2330,2590,2580,2430,2340,2410,2300,2410,1980,2190,1810,2000,1780,2350,1740,1850,1580,1630,1130,1250,950,940,730,840,810,640,770,930,670,2480,2180,2420,2460,2220,2210,2270,2180,2310,1980,1940,1650,2020,1680,2160,1620,1710,1460,1620,1380,1620,1040,1090,940,1050,1120,870,830,1160,740
95,Uganda,UG,Northern,UG3,OYAM,UG3096,8450,8000,8740,8790,7980,7600,8260,7800,7970,7140,7510,6530,7000,6080,7490,5810,6180,5080,5360,4270,4510,3560,3740,2810,3100,2960,2830,2580,3050,2400,7810,7530,8160,8050,7500,7100,7780,7550,7800,6820,7240,6390,7060,6030,7200,5560,6080,5210,6060,5040,5390,4220,4310,3190,3600,3340,3320,2840,3470,2740
96,Uganda,UG,Northern,UG3,PADER,UG3097,3530,3570,3410,3320,3190,3230,3320,3170,3250,3140,2930,2890,2990,2930,2910,2840,2990,2500,2510,2180,1910,1760,1610,1440,1220,1280,1180,980,1180,1080,3470,3420,3410,3210,3220,3190,3180,3020,3040,3000,2860,2790,2730,2600,2880,2640,2680,2240,2190,1950,1990,1690,1700,1680,1480,1700,1410,1310,1600,1570
97,Uganda,UG,Northern,UG3,PAKWACH,UG3098,3840,3840,3920,3950,3600,3690,3500,3380,3240,2950,3090,2530,2920,2600,3000,2430,2520,2130,2410,1790,2030,1450,1760,1330,1360,1440,1080,1050,1340,870,3700,3530,3410,3580,3330,3190,3290,3140,3150,2760,2890,2420,2730,2300,2940,2210,2300,2160,2610,2080,2640,1630,1890,1490,1400,1680,1250,1220,1730,1080
98,Uganda,UG,Northern,UG3,YUMBE,UG3099,10650,8990,9670,10890,11330,12220,12800,12140,11960,12950,12660,9480,11130,10570,10640,11240,8120,6960,7230,5680,6380,4360,4340,3670,3810,4140,3250,3230,3190,2880,11330,9910,10710,12070,12530,13990,13930,13420,13320,14510,13920,10770,12620,12070,11710,12120,8160,6690,7520,5900,6830,4530,5090,4460,4690,5860,4780,4330,5360,4150
99,Uganda,UG,Northern,UG3,ZOMBO,UG3100,5740,5160,5720,5680,5200,5480,5430,5210,5080,4640,5050,3930,4890,4130,4420,3450,3400,2690,2930,1900,2440,1590,1820,1490,1560,1690,1260,1390,1700,1110,5130,4590,5220,5360,4970,4960,5010,4880,4690,4240,4550,3710,4490,3790,4180,2980,3160,2690,3410,2540,3400,1850,2330,1770,1870,2180,1580,1620,2250,1360
100,Uganda,UG,Western,UG4,BUHWEJU,UG4101,2680,2500,2710,2880,2710,2510,2670,2520,2380,2290,2310,1970,2140,2000,1960,1650,1710,1450,1620,1230,1460,1110,1220,1050,1190,1100,1000,920,1080,720,2440,2380,2590,2650,2500,2440,2670,2500,2390,2320,2260,2000,2120,1930,1940,1560,1660,1400,1690,1500,1700,1260,1430,1210,1260,1230,1070,1010,1180,830
101,Uganda,UG,Western,UG4,BULIISA,UG4102,3190,3060,3000,3100,2890,2730,2690,2510,2470,2160,2350,1720,2170,1860,2070,1590,1740,1470,1590,1210,1660,1370,1770,1610,1720,1870,1350,1360,1570,1010,2800,2580,2600,2610,2510,2350,2260,2130,2160,1900,2120,1600,1910,1680,1950,1420,1580,1480,1960,1480,2040,1140,1470,1220,1200,1340,940,1050,1430,880
102,Uganda,UG,Western,UG4,BUNDIBUGYO,UG4103,5060,4910,5170,5040,4820,4640,4270,4050,3850,3810,3700,3230,3740,3290,3250,2980,3090,3070,3100,2810,3000,2160,2630,2110,2040,2240,1810,1790,1800,1660,4990,4910,5010,4970,4730,4510,3910,3820,3620,3430,3610,3020,3650,3340,3160,2840,3320,3260,3640,2950,3540,2190,2730,2220,2170,2640,2040,2190,2210,1980
103,Uganda,UG,Western,UG4,BUNYANGABU,UG4104,3560,3480,3540,3420,3390,3280,3320,3180,2900,2880,2870,2710,2690,2750,2490,2430,2440,2520,2460,2260,2240,1790,1890,1720,1590,1540,1540,1440,1280,1260,3380,3410,3310,3310,3230,3240,2920,2760,2720,2720,2630,2600,2510,2360,2280,2170,2190,2420,2130,2070,2060,1630,1740,1790,1590,1590,1540,1630,1450,1500
104,Uganda,UG,Western,UG4,BUSHENYI,UG4105,3320,3690,4080,4070,3930,3900,4020,3710,3370,3400,3860,3330,3610,3400,3600,3030,3390,3060,3520,2730,3070,2130,2270,1960,2070,1900,1620,1710,1940,1270,3030,3160,3680,3800,3550,3550,3730,3330,3170,3330,3530,3060,3560,3380,3670,3210,3440,3250,3540,3040,3230,2340,2560,2020,2350,2260,1940,1800,2090,1490
105,Uganda,UG,Western,UG4,HOIMA,UG4106,7420,6850,7040,7090,6690,6300,5990,5880,5720,5200,5500,4320,5060,4740,5370,4130,4050,3770,4410,3490,4340,3120,3680,3300,3320,3220,2770,2940,3290,2310,6580,6240,6400,6630,6050,5590,5710,5360,5320,4840,5170,4300,4910,4660,4950,4040,4320,4200,5340,4290,5310,3590,4150,3510,3480,3540,3010,3100,3550,2380
106,Uganda,UG,Western,UG4,IBANDA,UG4107,4200,4430,4770,4850,4660,4550,4660,4500,4290,4050,4180,3480,4020,3700,4010,3310,3480,3140,3340,2640,3160,2180,2450,2130,2210,2060,1840,1840,2160,1390,3920,3900,4520,4590,4460,4260,4420,4170,4080,3910,3950,3490,4020,3660,4060,3260,3460,3130,3440,3060,3490,2380,2780,2260,2450,2250,2140,1880,2420,1630
107,Uganda,UG,Western,UG4,ISINGIRO,UG4108,10530,10670,11330,11740,11370,10650,11070,9950,9830,9370,10030,8050,8860,7990,8850,6670,7020,5730,6200,4780,5800,3890,4570,3730,4140,3920,3460,3240,3990,2900,10030,9880,10560,11350,10640,10060,10760,9400,9630,9160,9430,7850,9140,7790,8690,6430,6890,5640,6630,5190,6660,4710,5340,4400,4660,4620,4300,4130,5010,3640
108,Uganda,UG,Western,UG4,KABALE,UG4109,3910,3580,3970,4220,3870,3720,3670,3570,3480,3350,3540,3050,3390,3180,3530,2830,2930,2860,3050,2420,2810,2000,2320,2060,2120,2130,1680,1720,1920,1360,3660,3350,3690,3900,3600,3450,3460,3180,3300,3110,3450,3050,3310,3260,3500,2990,3110,3010,3460,2800,3300,2460,2630,2280,2170,2310,1940,1980,1980,1510
109,Uganda,UG,Western,UG4,KABAROLE,UG4110,5540,5410,5980,6120,5920,5310,5510,5200,4770,4400,4920,3910,4360,3920,4650,3620,3940,3790,4330,3580,4430,2790,3540,3030,3110,3080,2580,2660,3220,1990,5170,4960,5230,5640,5430,4910,5210,4920,4600,4360,4630,3890,4290,4200,4680,3560,4080,3990,4500,3590,4660,2990,3660,3180,3270,3170,2590,2600,3200,2190
110,Uganda,UG,Western,UG4,KAGADI,UG4111,9390,8980,9250,9110,8510,8200,8020,7370,6850,6280,6680,5450,6220,5710,6660,4780,5190,4590,5010,3680,4490,3030,3650,3130,3240,3090,2730,2570,3120,2140,8920,8650,8640,8640,8170,7600,7830,6970,6750,6160,6460,5220,6240,5680,6270,4550,4860,4560,5270,4440,5460,3450,4150,3560,3540,3380,3080,2870,3460,2510
111,Uganda,UG,Western,UG4,KAKUMIRO,UG4112,11030,10280,10360,10310,9510,8960,8530,7900,7470,6780,7330,5730,6360,5900,6700,5290,5200,4700,4900,4090,4890,3580,4260,3650,3880,3790,3640,3650,3930,2680,10430,9490,9530,9490,8550,8070,7930,7340,7300,6490,6990,5670,6310,5950,6280,4500,4740,4360,5400,4640,5550,3970,4670,3920,4180,4090,3600,3550,4050,2910
112,Uganda,UG,Western,UG4,KAMWENGE,UG4113,7380,6580,7100,7310,6740,6300,6250,5750,5620,4880,5290,3930,4640,4370,4840,3770,3670,3140,3520,2680,3310,2280,2760,2360,2560,2590,2120,2330,2560,1770,6820,6030,6460,6830,6190,5810,6070,5330,5440,4680,4790,3750,4580,4150,4370,3260,3490,2980,3600,3060,4130,2610,3290,2780,2790,2850,2520,2540,2900,2040
113,Uganda,UG,Western,UG4,KANUNGU,UG4114,4470,4390,4620,5180,4800,4960,4820,4420,4310,4060,4310,3580,4220,3790,4180,3470,3560,3190,3260,2430,2720,1930,2200,1860,1840,1930,1610,1710,1830,1380,4070,3960,4350,4750,4670,4760,4680,4340,4160,3770,4040,3670,4070,3820,4190,3270,3480,2950,3510,2940,3350,2320,2640,2190,2230,2330,2000,1990,2180,1700
114,Uganda,UG,Western,UG4,KASESE,UG4115,15360,14750,15130,14370,13800,13520,12870,12100,11660,11360,11610,10390,11290,10670,10010,9460,9360,9600,9890,8810,9100,7090,7470,7080,6270,6360,5720,5510,5090,4480,14650,14390,14410,14150,13420,13020,11770,10810,10970,10560,10730,9930,10730,10120,9500,8910,9090,9560,9830,8980,9030,7440,7810,7830,7250,7460,7030,6830,6600,5740
115,Uganda,UG,Western,UG4,KAZO,UG4116,3810,3720,4050,3990,3890,3890,3770,3560,3340,3160,3410,2840,3020,2960,3320,2670,2690,2380,2530,1980,2150,1620,1740,1490,1670,1620,1390,1400,1670,1090,3410,3470,3710,3690,3610,3480,3640,3270,3240,3030,3220,2650,3050,2780,3050,2530,2620,2190,2470,2050,2420,1760,1880,1610,1730,1690,1490,1540,1750,1260
116,Uganda,UG,Western,UG4,KIBAALE,UG4117,4770,4540,4540,4430,4010,3770,3670,3400,3260,2880,3050,2560,2680,2630,2880,2210,2300,2010,2200,1850,2030,1530,1760,1590,1750,1540,1480,1390,1660,1140,4290,4060,4170,3940,3740,3410,3450,3210,3040,2780,2840,2430,2700,2370,2600,1890,1950,1890,2340,2020,2320,1640,2010,1650,1720,1580,1490,1340,1470,1180
117,Uganda,UG,Western,UG4,KIKUUBE,UG4118,7780,7430,7430,7500,7000,6710,6370,6080,5840,5370,5680,4390,5010,4600,5210,3820,3920,3520,3930,3100,3840,2610,3260,2790,3030,2930,2530,2580,3020,2240,6950,6720,6790,7310,6470,6100,5880,5480,5470,4920,5310,4060,4860,4200,4740,3380,3420,3170,4100,3450,4570,2870,3490,2900,2990,3060,2640,2540,3130,2170
118,Uganda,UG,Western,UG4,KIRUHURA,UG4119,3310,3220,3290,3310,3130,3000,2900,2860,2590,2400,2780,2030,2330,2260,2650,2140,2220,1960,2180,1800,2130,1520,1830,1560,1670,1790,1480,1620,1820,1180,2980,2860,3020,2970,2780,2670,2690,2380,2380,2310,2390,2080,2300,2220,2370,2040,2080,1850,2080,1690,2090,1510,1750,1390,1700,1640,1450,1420,1650,1080
119,Uganda,UG,Western,UG4,KIRYANDONGO,UG4120,6540,6450,5800,5640,5590,5400,5270,5050,4910,4750,4720,4630,4490,4450,4360,4150,4290,3860,3950,3770,3440,3270,3210,2790,2550,2460,2320,2230,2050,1910,6300,5930,5530,5390,5150,5090,4500,4580,4420,4250,4310,4260,4160,4010,4110,3670,3690,3700,3650,3380,3390,3030,2960,2670,2510,2570,2440,2410,2630,2320
120,Uganda,UG,Western,UG4,KISORO,UG4121,6170,5580,5510,5710,5300,5240,5180,4630,4730,4450,4450,4330,4520,4240,3970,3920,3990,3730,3390,2560,2730,1870,2120,2060,1800,1870,1660,1600,1480,1350,6110,5540,5570,5670,5260,5220,4950,4530,4600,4420,4470,4080,4440,4230,4060,4160,4500,4280,4050,3360,3750,2610,3150,3220,2950,3270,2600,2890,2570,2290
121,Uganda,UG,Western,UG4,KITAGWENDA,UG4122,3070,3140,3360,3620,3400,3380,3340,3060,2960,2830,2950,2350,2570,2360,2720,2110,2120,1790,1970,1510,1690,1160,1350,1190,1300,1170,1050,1050,1270,840,2870,2670,3070,3420,3200,3090,3070,2860,2790,2640,2570,2190,2570,2360,2660,1910,1940,1700,1870,1640,1910,1300,1640,1430,1450,1420,1350,1230,1460,1020
122,Uganda,UG,Western,UG4,KYEGEGWA,UG4123,9600,9210,9630,9480,8800,7850,7960,7370,6860,6510,6770,5570,6310,5810,6550,4930,5000,4250,4900,3680,4470,3250,3920,3170,3520,3250,2950,3080,3610,2380,9120,8250,8930,8930,8160,7250,7400,6760,6990,6130,6340,5430,6020,5470,5970,4330,4750,4200,5050,4240,5240,3610,4440,3810,3920,3560,3270,3100,3750,2610
123,Uganda,UG,Western,UG4,KYENJOJO,UG4124,11010,10330,11110,11600,10540,9700,9560,8820,8390,7690,8060,6530,7300,6980,7570,6130,6210,5650,6200,4740,5980,3830,4740,4160,4470,4080,3640,3590,4240,2890,9820,9190,10290,10530,9530,8780,9060,8170,8030,7130,7730,6180,7130,6470,6960,5460,5630,5270,6330,5180,6430,4160,4990,4490,4450,3960,3690,3590,4260,2990
124,Uganda,UG,Western,UG4,MASINDI,UG4125,6120,6120,6270,6320,6140,5580,5590,5440,5140,4700,5060,3860,4530,4150,4780,3810,3940,3550,4110,3370,4080,3170,3630,3200,3480,3240,2800,2950,3320,2270,5920,5460,5610,5980,5570,5190,5400,5030,5040,4410,4670,3950,4410,4070,4630,3540,3930,3630,4120,3540,4390,3180,3580,3040,3060,3010,2650,2600,3040,2140
125,Uganda,UG,Western,UG4,MBARARA,UG4126,6120,5980,6380,6550,5950,5800,5490,5250,5010,4860,4950,4340,4610,4260,4800,3960,4240,4160,4800,3870,5020,3960,4620,3820,4270,3990,3240,3390,4020,2490,5510,5440,5790,6090,5520,5200,5480,4890,4970,4810,4790,4440,4880,4590,5220,4420,4720,4430,5330,4880,5970,4810,5300,4240,4510,4540,3860,3650,4210,2840
126,Uganda,UG,Western,UG4,MITOOMA,UG4127,3390,3220,3650,3840,3620,3610,3450,3170,3010,2940,3040,2690,2930,2740,2920,2470,2520,2290,2370,1870,1800,1250,1320,1060,1060,1150,950,960,1070,850,2950,2930,3190,3370,3280,3210,3290,2990,2870,2750,3030,2610,2850,2620,2810,2360,2580,2320,2700,2090,2140,1540,1750,1440,1610,1550,1370,1400,1480,1100
127,Uganda,UG,Western,UG4,NTOROKO,UG4128,1470,1450,1440,1360,1360,1300,1190,1120,1080,1040,1050,940,1040,1080,990,920,1020,960,940,820,900,630,860,670,720,680,620,610,610,560,1350,1370,1330,1350,1180,1210,1090,980,950,920,880,850,950,930,850,800,960,910,960,750,870,590,760,630,570,680,590,630,640,570
128,Uganda,UG,Western,UG4,NTUNGAMO,UG4129,9330,9470,10020,10070,9720,9430,9390,8650,8260,8250,8610,7240,7710,7160,8210,6300,6670,5920,6490,4890,5620,3680,4150,3480,3870,3710,3160,3310,3700,2550,8640,8570,9230,9560,9060,8880,9080,8230,8110,7810,8310,7080,7880,7000,7970,6240,6890,6140,6620,5490,6210,4380,4920,4070,4350,4390,3710,3690,4230,3060
129,Uganda,UG,Western,UG4,RUBANDA,UG4130,3830,3520,3920,3910,3670,3500,3480,3320,3350,3130,3350,2720,2980,2790,3250,2480,2400,2260,2340,1710,2060,1380,1660,1420,1480,1370,1250,1170,1290,960,3460,3170,3530,3750,3340,3230,3340,3210,3270,2890,3170,2740,3040,2750,3150,2580,2670,2340,2560,2170,2580,1840,1900,1690,1750,1750,1570,1430,1610,1260
130,Uganda,UG,Western,UG4,RUBIRIZI,UG4131,2450,2430,2660,2780,2680,2610,2610,2460,2340,2240,2510,2010,2290,2070,2290,1700,1750,1510,1600,1180,1390,880,1000,850,910,880,770,780,950,610,2150,2220,2380,2550,2500,2450,2540,2240,2310,2070,2370,1940,2220,2070,2310,1620,1760,1530,1650,1350,1620,1110,1220,1150,1160,1170,1060,1010,1300,820
131,Uganda,UG,Western,UG4,RUKIGA,UG4132,1600,1620,1730,1790,1670,1680,1740,1570,1500,1500,1500,1350,1440,1470,1550,1250,1330,1210,1280,950,1080,740,840,730,720,770,690,630,700,550,1460,1500,1570,1700,1560,1530,1630,1520,1510,1530,1480,1370,1420,1320,1550,1260,1320,1150,1290,1040,1210,860,1090,830,860,870,720,720,790,660
132,Uganda,UG,Western,UG4,RUKUNGIRI,UG4133,5090,5270,5610,6040,5800,5630,5540,5290,4930,4900,5040,4510,4880,4470,5040,4270,4180,3990,4230,3170,3550,2440,2640,2120,2180,2120,1840,1770,2150,1470,4760,4720,5180,5570,5110,5070,5250,4880,4860,4590,4930,4510,4810,4450,5040,4230,4420,4080,4460,3630,3870,2980,3090,2360,2540,2540,2280,2260,2670,1930
133,Uganda,UG,Western,UG4,RWAMPARA,UG4134,2460,2390,2600,2650,2570,2440,2430,2330,2300,2120,2330,1940,2260,1960,2100,1720,1840,1560,1770,1340,1490,1030,1130,1110,1080,1060,920,960,990,750,2140,2050,2320,2480,2390,2280,2400,2190,2260,2140,2220,1890,2160,1930,2050,1660,1760,1550,1770,1450,1690,1280,1300,1190,1190,1220,1010,1030,1150,810
134,Uganda,UG,Western,UG4,SHEEMA,UG4135,2960,3130,3340,3620,3460,3420,3410,3330,2890,3100,3440,3110,3290,3060,3320,2650,2910,2640,2910,2360,2480,1750,1910,1520,1690,1500,1420,1350,1510,1060,2890,2860,3200,3380,3230,3160,3300,3030,3110,2900,3240,2970,3210,2990,3320,2800,2980,2720,3010,2450,2700,1970,2090,1760,1850,1790,1630,1620,1830,1300
