ADM3_PCODE,Area,Y_M_0,Y_M_1,Y_M_2,Y_M_3,Y_M_4,Y_M_5,Y_M_6,Y_M_7,Y_M_8,Y_M_9,Y_M_10,Y_M_11,Y_M_12,Y_M_13,Y_M_14,Y_M_15,Y_M_16,Y_M_17,Y_M_18,Y_M_19,Y_M_20,Y_M_21,Y_M_22,Y_M_23,Y_M_24,Y_M_25,Y_M_26,Y_M_27,Y_M_28,Y_M_29,Y_F_0,Y_F_1,Y_F_2,Y_F_3,Y_F_4,Y_F_5,Y_F_6,Y_F_7,Y_F_8,Y_F_9,Y_F_10,Y_F_11,Y_F_12,Y_F_13,Y_F_14,Y_F_15,Y_F_16,Y_F_17,Y_F_18,Y_F_19,Y_F_20,Y_F_21,Y_F_22,Y_F_23,Y_F_24,Y_F_25,Y_F_26,Y_F_27,Y_F_28,Y_F_29,Y_T_0,Y_T_1,Y_T_2,Y_T_3,Y_T_4,Y_T_5,Y_T_6,Y_T_7,Y_T_8,Y_T_9,Y_T_10,Y_T_11,Y_T_12,Y_T_13,Y_T_14,Y_T_15,Y_T_16,Y_T_17,Y_T_18,Y_T_19,Y_T_20,Y_T_21,Y_T_22,Y_T_23,Y_T_24,Y_T_25,Y_T_26,Y_T_27,Y_T_28,Y_T_29
SC3615LD,982.997230512564,23.448078729304875,25.048638217426944,26.18587934213134,26.90582422592489,27.254494991314345,27.27791376080656,27.02210265690827,26.533083802126292,25.85687931896743,25.039511329938456,24.103909393900658,23.073003069715266,22.108277298116775,21.301939328903046,20.630733593644266,19.96436370521192,19.311088658350727,18.905746214377885,18.84679218767879,19.04386675382848,19.279954167085815,19.564617448282142,19.98761884642829,20.560857868683257,21.229401332056476,21.934621207362422,22.698088693594986,23.32294638237962,23.70818463099608,23.93481763619789,22.316329429885627,23.768769069544856,24.827494354434208,25.53005104727289,25.9139849107801,26.016841707675102,25.87616720067706,25.5295071525052,25.014407325878736,24.36841348351689,23.609456330412666,22.755466571559065,21.94206525830633,21.24602826882606,20.646056192658868,20.03809683364632,19.435788341987134,18.99621454300284,18.785121366727335,18.748716680592285,18.753335231459126,18.80875744131206,18.973665430188174,19.258382856577644,19.63248196392659,20.060916552281448,20.55754211974154,21.017219730645536,21.386157383203614,21.70972510375986,45.7644081591905,48.8174072869718,51.01337369656555,52.43587527319778,53.16847990209445,53.29475546848166,52.89826985758533,52.06259095463149,50.871286644846165,49.407924813455345,47.71336572431332,45.82846964127433,44.050342556423104,42.547967597729105,41.276789786303134,40.002460538858244,38.74687700033786,37.90196075738072,37.631913554406125,37.79258343442076,38.03328939854494,38.3733748895942,38.96128427661647,39.8192407252609,40.86188329598306,41.99553775964387,43.25563081333652,44.340166113025155,45.0943420141997,45.64454273995776
SC1301AA,245.69178917199298,28.108882367300893,30.027587028413954,31.390878963738643,32.25392817005513,32.671904644143595,32.69997838278413,32.393319382756964,31.807097640842215,30.99648315382005,30.016645918470616,28.895073229241383,27.659252380579712,26.502766880929478,25.536152131736294,24.731530022782138,23.93270498725182,23.149577672326647,22.663664822781186,22.592992432260615,22.829239746415723,23.112254541134938,23.45350068990002,23.960582591986757,24.647765034174995,25.449195698416297,26.294592989313646,27.209815837264063,27.95887725937366,28.42068980842829,28.69237096495633,26.752173860037598,28.49331672355545,29.76248613992334,30.604690890103516,31.064939755058173,31.18824151574957,31.01960495313991,30.604038848191408,29.986551981866302,29.212153135126822,28.302337121355578,27.278598753935206,26.303516651725914,25.4691275308491,24.749898269528224,24.021094082796598,23.299063991165134,22.772115577852666,22.519063177144446,22.475422321069168,22.4809589403986,22.54739752861251,22.745084498608012,23.08639554312219,23.534854755377683,24.04844978214495,24.64379018961185,25.194838464426947,25.63711031310555,26.02499400844572,54.861056227338494,58.5209037519694,61.15336510366198,62.858619060158645,63.73684439920177,63.888219898533706,63.412924335896875,62.41113648903362,60.98303513568635,59.22879905359744,57.19741035059696,54.937851134514915,52.80628353265539,51.005279662585394,49.48142829231036,47.95379907004842,46.448641663491784,45.43578040063385,45.11205560940506,45.30466206748489,45.59321348153354,46.00089821851253,46.70566709059477,47.73416057729719,48.984050453793984,50.3430427714586,51.85360602687591,53.15371572380061,54.05780012153384,54.71736497340205
SC1402AB,1202.2342929505999,26.87864394458977,28.713372863482714,30.016997748483032,30.842273976404297,31.241956924060066,31.268801968263908,30.97556448582937,30.41499985357004,29.639863448299465,28.702910646831214,27.63042571244829,26.448692908433713,25.342823179253816,24.41851412878324,23.64910779324393,22.88524481332301,22.136392510890996,21.67174653747685,21.60416726624973,21.830074795663396,22.100702934825463,22.427013822501927,22.91190234456065,23.569008958375488,24.335363498735486,25.14376038557298,26.018926785922122,26.73520411465177,27.17680453819642,27.436595016461723,25.58131422250115,27.246252724725686,28.459874580334805,29.2652186768017,29.70532390159957,29.823229142201633,29.66197328608106,29.26459522071104,28.674133833564785,27.933628012115488,27.06363180812298,26.08469927334711,25.15229347382785,24.35442296846509,23.66667213759197,22.969765444552888,22.279336366972302,21.775450841566897,21.533473739793884,21.49174288386704,21.497037159511482,21.560567911544506,21.749602726438717,22.07597565999036,22.50480723328293,22.99592382675407,23.56520806249672,24.092138681512996,24.51505365840786,24.885960868695353,52.45995816709092,55.9596255882084,58.476872328817834,60.107492653205995,60.94728082565963,61.09203111046554,60.63753777191043,59.67959507428108,58.313997281864246,56.636538658946705,54.69405752057127,52.533392181780826,50.495116653081666,48.77293709724833,47.3157799308359,45.8550102578759,44.4157288778633,43.44719737904374,43.13764100604361,43.32181767953044,43.59774009433694,43.98758173404643,44.66150507099937,45.64498461836585,46.840170732018414,48.13968421232705,49.58413484841884,50.827342796164764,51.69185819660429,52.32255588515707
SC1304AC,827.2709290212401,38.827839220487846,41.47821695226418,43.361382537782106,44.553544334590406,45.13091070023774,45.169689992272865,44.74609056824447,43.93632078570128,42.81658900219201,41.46310357526537,39.91383372215028,38.20674866007559,36.60925244818919,35.27403172467942,34.16257742613553,33.05913084030156,31.97736809684046,31.306158692729596,31.208536300969232,31.534873455131144,31.92581225966222,32.397188186323696,33.097639179682766,34.04686972001793,35.153915560269375,36.32169412850143,37.58592532558441,38.62063158322574,39.25855032224656,39.63383352110385,36.95376754112225,39.358872572839175,41.11202322834728,42.275391800880485,42.91115058367258,43.08147186995755,42.84852795296917,42.27449112594137,41.42153368210799,40.35182791470295,39.09506540535691,37.680937735700596,36.334020756983726,35.18144818564649,34.187950180113305,33.18122597744463,32.18385908432006,31.455965726745134,31.106415059459195,31.04613230442999,31.05378021602626,31.145554267942853,31.418626581489985,31.890092167615837,32.50956549758905,33.219013336253134,34.04137909606693,34.8025624851942,35.41348895601033,35.9492870478034,75.78160676161009,80.83708952510335,84.47340576612939,86.82893613547088,88.04206128391033,88.25116186223042,87.59461852121365,86.21081191164265,84.23812268430001,81.81493148996833,79.00889912750719,75.88768639577619,72.94327320517291,70.4554799103259,68.35052760624883,66.2403568177462,64.16122718116053,62.76212441947473,62.314951360428424,62.58100575956114,62.97959247568848,63.542742454266545,64.51626576117275,65.93696188763377,67.66348105785843,69.54070746475456,71.62730442165135,73.42319406841995,74.6720392782569,75.58312056890725
SC1503AE,596.14789705594,27.924321569579714,29.830428282990976,31.1847690377682,32.04215159188208,32.45738370330333,32.485273130002604,32.18062762995062,31.598254961118073,30.79296288147565,29.819559148994042,28.705350578629908,27.477643985339913,26.32875184216491,25.368483793103614,24.569144767084673,23.77556474840637,22.997579379451253,22.514856996130945,22.44464864457847,22.679344792985965,22.960501350617474,23.299506920266243,23.803259377706148,24.485929846632548,25.282098389923593,26.121944879305335,27.031158459484494,27.775301603138338,28.2340819067954,28.503979193675438,26.576521340572935,28.306231955796523,29.5670680784285,30.403742963522635,30.860969866132695,30.983462041312404,30.815932744115546,30.40309522959586,29.78966275280713,29.020348568803076,28.116506358480493,27.099489802736112,26.13081002740869,25.30189943586597,24.587392560690724,23.86337362999923,23.146084316849766,22.622595786273532,22.371204883158246,22.327850542414208,22.333350781357318,22.399353109276312,22.59574206510783,22.934812090969086,23.380326770937433,23.890549587404724,24.48198105241059,25.029411199164375,25.468779128682595,25.854116007673728,54.50084291015265,58.1366602387875,60.7518371161967,62.44589455540472,63.31835356943603,63.468735171315004,62.99656037406616,62.001350190713936,60.58262563428278,58.83990771779712,56.8218569371104,54.577133788076026,52.4595618695736,50.670383228969584,49.156537327775396,47.6389383784056,46.14366369630102,45.13745278240448,44.81585352773672,45.00719533540017,45.29385213197479,45.69886002954256,46.39900144281398,47.42074193760163,48.66242516086103,50.01249446671006,51.51313951189508,52.80471280230272,53.702861035477994,54.358095201349165
SC1305AR,715.9930311363271,32.251941809260835,34.453450682938126,36.017682719826745,37.00793960434205,37.48752302089935,37.51973465391402,37.167876187801404,36.49524930697682,35.56515569585562,34.44089703885315,33.154012072288936,31.736039532482536,30.409095844328302,29.300008588433162,28.376790604925073,27.46022414191954,26.5616691361069,26.00413601052756,25.92304699695106,26.194115588521935,26.518844871437537,26.91038841824531,27.492210784125334,28.28067928521632,29.2002354187965,30.170238565349532,31.220359087991646,32.079827102708734,32.60970768527976,32.92143278409233,30.695263606649814,32.69303924094153,34.14927571560451,35.11561580307789,35.64370227580078,35.785177906212255,35.5916854667515,35.114867729857615,34.40636746796971,33.51782745352691,32.473910690569966,31.299280183139537,30.180477545666804,29.223105087387665,28.39786627554605,27.56164125734576,26.733188790381025,26.12857172131545,25.8382210838795,25.788147837579263,25.794500495791418,25.870731660962058,26.09755634510511,26.489174340605693,27.003733431875688,27.593028916633163,28.27611850216396,28.908387587213618,29.415847323203202,29.860902452004055,62.947205415910645,67.14648992387966,70.16695843543125,72.12355540741993,73.13122529670014,73.30491256012627,72.7595616545529,71.61011703683442,69.97152316382534,67.95872449238007,65.6279227628589,63.03531971562207,60.58957338999511,58.523113675820824,56.77465688047113,55.021865399265295,53.29485792648792,52.13270773184301,51.76126808083056,51.9822634261012,52.313345367228955,52.78112007920737,53.589767129230445,54.76985362582201,56.20396885067218,57.763267481982695,59.49647759015561,60.98821468992235,62.02555500848296,62.78233523609639
SC1109BA,444.412909308199,17.768946739289184,18.981850258655857,19.843651255033915,20.389225279889995,20.653447884690753,20.671194620902828,20.477341039992865,20.10676269342749,19.594335132673372,18.974933909197148,18.26593503500223,17.484714522092045,16.753645619249347,16.142602956867222,15.63396346802265,15.128988580781225,14.633936959987881,14.326768590217831,14.282093256717923,14.43143631162644,14.61034329034389,14.826061048001058,15.146611380964526,15.581011728361258,16.08763374495507,16.622049136126044,17.200604548490045,17.674121501258018,17.966054920470715,18.13779733833969,16.911307440873202,18.01196580624392,18.814267539041108,19.346664808617906,19.63760978432745,19.715554635522892,19.608951531557373,19.34625264178404,18.955910135556024,18.46637618222647,17.89123866254092,17.244085457244893,16.627690178729598,16.100233573563397,15.645574945276607,15.18486355346143,14.728434389355769,14.39532551288902,14.235359161037193,14.207771680200095,14.211271598792065,14.253270513918983,14.378237724524727,14.593996500518909,14.877488693612811,15.20215629570484,15.578499000531439,15.92684255519212,16.206423396465187,16.451622916659712,34.680254180162386,36.993816064899775,38.65791879407502,39.7358900885079,40.2910576690182,40.386749256425716,40.08629257155024,39.45301533521153,38.550245268229396,37.44131009142362,36.15717369754315,34.72879997933694,33.38133579797895,32.24283653043062,31.279538413299257,30.313852134242655,29.36237134934365,28.72209410310685,28.517452417755116,28.639207991826535,28.821614889135954,29.079331561920043,29.524849105489253,30.175008228880166,30.96512243856788,31.824205431830883,32.779103549021485,33.60096405645014,34.1724783169359,34.5894202549994
SC1406BL,1206.0997690462,29.95312124694904,31.997713141970475,33.4504513871447,34.37012571186575,34.81552584552761,34.84544151752438,34.51866245724998,33.89397839409849,33.030179057463904,31.98605417674022,30.790894503670824,29.473990789998957,28.24162765337219,27.21159277848593,26.354178961782104,25.502942568844528,24.668433831161256,24.150639967656154,24.075330725884463,24.327078363871607,24.628661919873988,24.992297419583835,25.532649244999924,26.264918102061777,27.118931066453484,28.01979533277751,28.995066451942918,29.793274192428584,30.28538648787737,30.57489275729063,28.507398274251834,30.362778467141105,31.715218783624476,32.61268105439098,33.103127110129584,33.23451878152938,33.054817899279314,32.611986294068416,31.953985796585705,31.1287782375202,30.159268716943306,29.068362334926462,28.029304575246623,27.140170729827936,26.37375243750669,25.597131003820977,24.82772811801443,24.266206318003032,23.996550986748986,23.95004679998756,23.955946649670558,24.026744276422164,24.23740157755005,24.601106230574725,25.078989115780505,25.6262814096927,26.260682445520125,26.847885308974966,27.319174850070464,27.732507791733727,58.46051952120087,62.36049160911158,65.16567017076918,66.98280676625673,67.9186529556572,68.07996029905377,67.5734803565293,66.5059646881669,64.98416485404961,63.11483241426042,60.95016322061413,58.54235312492542,56.27093222861882,54.351763508313866,52.72793139928879,51.10007357266551,49.496161949175686,48.41684628565919,48.07188171263345,48.27712516385917,48.58460856954454,49.019041696006,49.770050822549976,50.8660243326365,52.197920182233986,53.646076742470214,55.25574889746304,56.64115950140355,57.604561337947835,58.30740054902436
SC1510BO,939.843956044066,25.817819917538845,27.580137314997682,28.83231184230005,29.625016771920077,30.008925376331835,30.034710928009485,29.75304669942711,29.21460596305881,28.470061991378707,27.570088056860897,26.53993105692273,25.404837888981458,24.34261370079524,23.45478451495178,22.71574447875479,21.98202901614915,21.26273180142057,20.81642409798515,20.751511999636968,20.968503609228172,21.22845083284376,21.54188316569916,22.007634516221184,22.638806988042514,23.37491567378638,24.151407414186036,24.992033463186118,25.680041346436866,26.104213051533804,26.35375033965117,24.571692208576493,26.170920301824946,27.33664393889906,28.11020338419074,28.53293890209187,28.64619075699436,28.491299213290095,28.10960453537096,27.542446987628864,26.8311668344557,25.99550691725614,25.055210077434868,24.15960369431985,23.393222878277392,22.73261562473776,22.0632138649642,21.400034068143245,20.916035474693626,20.683608516430738,20.64352464914319,20.64860996535423,20.709633328819365,20.891207469189297,21.204699387961732,21.61660619838839,22.088339815324556,22.635156019520718,23.14129018442028,23.547513909470972,23.90378246687647,50.389512126115335,53.75105761682263,56.16895578119911,57.73522015611081,58.5418642784237,58.680901685003846,58.24434591271721,57.324210498429764,56.01250897900757,54.4012548913166,52.53543797417887,50.460047966416326,48.50221739511509,46.84800739322917,45.44836010349255,44.04524288111335,42.66276586956381,41.73245957267878,41.435120516067705,41.61202825837136,41.87706079819799,42.251516494518526,42.898841985410485,43.84350637600424,44.99152187217477,46.23974722951059,47.62718948270684,48.82133153085715,49.651726961004776,50.25753280652764
SC1508BV,445.597004701855,30.734495851933737,32.83242427548758,34.323059584766646,35.26672513476023,35.7237442804576,35.75444037684811,35.41913677892102,34.778156841665606,33.89182392007119,32.820461369127074,31.594124036383608,30.24286676939122,28.978355460333717,27.9214504790782,27.041669658297256,26.16822740617991,25.311949175548595,24.780647832226837,24.70337402809867,24.961688904213997,25.271139747917733,25.644261259555904,26.198709022700868,26.95008027714496,27.82637152665855,28.75073626990316,29.751448888766703,30.570479146110927,31.075428967106262,31.37248745944494,29.25105883686536,31.15483969792726,32.54256066533931,33.46343473377836,33.96667489792122,34.10149415244473,33.917105492025726,33.462721911341056,32.78755640506752,31.940821967881973,30.946021214067958,29.826656757909035,28.760493496048408,27.848165183949448,27.06175367510916,26.26487285496002,25.475398891294105,24.899228913211946,24.62253918876658,24.57482185158736,24.58087559673789,24.653520080590233,24.86967270698544,25.24286517914529,25.733214410734142,26.294783703923194,26.94573410835262,27.548255100214448,28.031838984513254,28.45595437746046,59.9855546887991,63.98726397341484,66.86562025010596,68.73015986853858,69.69041917837882,69.85593452929284,69.33624227094674,68.24087875300665,66.67938032513871,64.76128333700905,62.540145250451566,60.069523527300255,57.73884895638213,55.76961566302765,54.10342333340641,52.43310026113993,50.787348066842696,49.67987674543878,49.325913216865246,49.53651075580136,49.85201534465563,50.29778134014614,51.06838172968631,52.192945456290246,53.5595859373927,55.04551997382636,56.69718299711933,58.118734246325374,59.10726795161952,59.8284418369054
SC1311CA,1057.5614305121198,34.02416481102397,36.34664503679414,37.996830511532615,39.04150130244335,39.54743747673024,39.58141910159728,39.21022624424837,38.500638971887454,37.519437351718494,36.3334014509454,34.97580303975938,33.479913888351604,32.080055548989776,30.91002468290332,29.936076466257937,28.969145270824527,28.021215250450496,27.43304603912247,27.34750123374471,27.633464864438793,27.97603780373331,28.38909640429606,29.002889523935185,29.834683854532102,30.804769000351342,31.828073188108135,32.93589714965816,33.842592366731154,34.40158952859641,34.73044369962815,32.38194801570504,34.48950009826586,36.02575580310082,37.04519563879815,37.60230011394613,37.75154973713298,37.54742501694698,37.044406461976365,36.29697458080938,35.35960988203427,34.25833058525321,33.01915491006824,31.838874809998334,30.828895371604037,29.95831023651517,29.076135210412833,28.202159832894907,27.564319457501284,27.25801424181468,27.20518949846628,27.211891226041292,27.292311237066908,27.531599786519905,27.94473693916192,28.48757072437997,29.109247617125497,29.829872534799588,30.49688439406757,31.03222870488768,31.501739311164656,66.40611282672901,70.83614513506001,74.02258631463343,76.0866969412415,77.14973759067637,77.33296883873027,76.75765126119535,75.54504543386382,73.81641193252787,71.69301133297967,69.23413362501259,66.49906879841984,63.918930358988106,61.73892005450736,59.894386702773105,58.045280481237356,56.2233750833454,54.99736549662376,54.605515475559386,54.838654362905075,55.1879290297746,55.681407641362966,56.534489310455086,57.77942079369402,59.29233972473131,60.93732080523363,62.76576968445775,64.33947676079873,65.43381823348409,66.2321830107928
SC1512GL,685.287712444841,26.29995598651783,28.095183838918906,29.370742141291547,30.178250465735797,30.56932838435171,30.59559546923931,30.30867129249866,29.760175426229775,29.001727442532726,28.084946913507522,27.035552210533588,25.87926170499025,24.79720097258091,23.89279198684692,23.139950717726318,22.392533456742754,21.659803699743733,21.205161400091644,21.139037081670764,21.36008088710311,21.624882483792344,21.944167996656958,22.418617029380876,23.061576370012823,23.81143157429699,24.602423965907118,25.458748347282416,26.159604476988306,26.59169738906619,26.845894654118972,25.030557473218483,26.659650385498974,27.84714335143558,28.63514864522207,29.065778541052214,29.181145313119757,29.023361235618477,28.634538582742113,28.05678962868444,27.332226647639217,26.480961169683923,25.523104724895983,24.610773308050696,23.830080681574405,23.157136887311975,22.475234354805977,21.79966997829677,21.306632931745057,21.069865505135073,21.02903308868412,21.03421336946493,21.096376314270564,21.281341269600468,21.6006875121475,22.02028650218254,22.500829536426117,23.057857291305105,23.573443285429516,23.987253053033395,24.350174759864846,51.33051345973631,54.75483422441788,57.21788549272713,58.81339911095787,59.635106925403925,59.77674078235907,59.33203252811714,58.39471400897189,57.05851707121717,55.41717356114674,53.51651338021751,51.40236642988623,49.407974280631606,47.722872668421324,46.29708760503829,44.86776781154873,43.4594736780405,42.5117943318367,42.208902586805834,42.389113975787225,42.65909585325727,43.04054431092752,43.69995829898134,44.66226388216032,45.83171807647953,47.10325350233323,48.51660563858752,49.733047762417826,50.57895044209958,51.19606941398382
SC1413GM,1562.1908097796302,25.922302606429046,27.691751967970216,28.94899395061654,29.74490689761565,30.130369152215152,30.15625905766269,29.87345495720586,29.332835194092308,28.585278111569643,27.681662052885493,26.64733608752494,25.50764928497303,24.441126357290177,23.54970419524909,22.807673320809755,22.07098856811224,21.34878041387198,20.900666533997622,20.835491731038644,21.053361474883502,21.31436067161852,21.629061426523258,22.096697630110317,22.730424413743563,23.46951208775934,24.24914624229073,25.093174252703808,25.78396645988528,26.209854757756037,26.460401902303143,24.67113195410523,26.276831984285316,27.4472732035183,28.22396317657462,28.648409468224713,28.762119643239007,28.60660126638793,28.223361902441912,27.65390911617138,26.939750472346784,26.100708710739095,25.15660657111935,24.257375743255086,23.487893441915546,22.82461275687291,22.152501975122053,21.48663833365432,21.00068103613546,20.767313477894596,20.727067415365568,20.732173330754076,20.793443672940217,20.97575263614965,21.29051321415615,21.70408694627892,22.1777296020777,22.72675869645783,23.23494112684436,23.642808808511546,24.000519171300553,50.59343456053428,53.96858395225553,56.39626715413484,57.96887007419027,58.778778620439866,58.9183787009017,58.48005622359379,57.55619709653422,56.23918722774103,54.62141252523227,52.74804479826403,50.66425585609238,48.69850210054526,47.03759763716464,45.632286077682664,44.22349054323429,42.835418747526305,41.90134757013308,41.60280520893324,41.78042889024907,42.046534002372596,42.42250509946348,43.07245026625996,44.02093762789971,45.17359903403826,46.42687584436843,47.81993294916164,49.01890758672964,49.85266356626758,50.4609210736037
SC1224LM,166.818058952486,21.64638716454511,23.123963659405728,24.173822014451023,24.838448127627355,25.16032789688109,25.181947220158563,24.94579199540614,24.49434812057018,23.870101493597037,23.115538012433074,22.25182538514142,21.30013131978518,20.409532663726885,19.665151694679324,19.04551974093919,18.430352059555087,17.827273046875014,17.45307610883713,17.398651956701276,17.580583793735496,17.798530829620372,18.061321283626572,18.45182030777933,18.98101308612823,19.598187358760796,20.24921991810792,20.95402448935499,21.530869685363665,21.88650718636505,22.095726266193367,20.601598653113797,21.94243649765847,22.91981199911235,23.568385999709374,23.92281934168341,24.017772867268363,23.887907418698124,23.567883838206598,23.092362968027672,22.496005650395247,21.795364837527377,21.006993481642123,20.256091875052572,19.613536640024282,19.05966494874364,18.498419695115125,17.9423911131382,17.53659308621882,17.34171978304384,17.308112331128118,17.312375996494282,17.363539694571486,17.515776561522486,17.77861701490879,18.12397128834725,18.519486038661007,18.977952143406874,19.402309278702745,19.742898684597012,20.04160426900386,42.24798581765891,45.066400157064194,47.093634013563374,48.40683412733673,49.0831472385645,49.199720087426925,48.83369941410426,48.06223195877678,46.962464461624705,45.611543662828325,44.047190222668796,42.30712480142731,40.665624538779454,39.2786883347036,38.10518468968283,36.92877175467021,35.769664160013214,34.98966919505595,34.740371739745115,34.888696124863614,35.11090682611466,35.424860978198055,35.967596869301815,36.75963010103702,37.722158647108046,38.768705956768926,39.93197663276186,40.933178964066414,41.62940587096206,42.13733053519722
SC1117MB,116.435790875943,22.319176926207476,23.842677761375853,24.92516660565133,25.61044985550639,25.942333907413456,25.96462515784502,25.7211300032735,25.255654840171363,24.612006065011066,23.833990074265053,22.94343248829848,21.962158927476484,21.043879668808064,20.27636266098029,19.637471972143693,19.00318431172373,18.381361045789717,17.9955337228298,17.939418024015406,18.127004478502247,18.351725516080844,18.62268374896049,19.025319838285444,19.57096039032935,20.207316970586756,20.878584186840026,21.60529469580646,22.200068753671605,22.566759808731046,22.782481643056858,21.24191535885328,22.62442759972809,23.63218077725173,24.300913021504904,24.666362462568294,24.764267230522655,24.630365455448636,24.300395267426957,23.810094796538326,23.195202172863436,22.47278483271592,21.659910212409397,20.885669910859953,20.223143445682428,19.65205686565631,19.073367550516096,18.500057042598716,18.08164641070367,17.880716266632092,17.846064283466347,17.850460482501983,17.903214411497103,18.060182949542988,18.331192722320544,18.687280912733065,19.09508861746788,19.56780426454544,20.005350805282596,20.356526040792463,20.66451566944122,43.56109228506075,46.46710536110395,48.55734738290306,49.91136287701129,50.60869636998175,50.728892388367676,50.35149545872214,49.556050107598324,48.422100861549396,47.02919224712849,45.4162173210144,43.62206913988588,41.92954957966802,40.49950610666272,39.289528837800006,38.076551862239825,36.88141808838843,36.077180133533474,35.8201342906475,35.97306876196859,36.20218599858283,36.525898160457594,37.08550278782843,37.9021531126499,38.89459788331982,39.97367280430791,41.1730989603519,42.205419558954205,42.92328584952351,43.44699731249808
SC1218MF,561.254959052659,16.961585700146852,18.119378928799186,18.942022560250013,19.462807517345993,19.715024722933762,19.73196509985998,19.54691957097128,19.193179059114303,18.704034487135704,18.11277677788213,17.435992436012626,16.690267966186255,15.992416382187603,15.409137443238498,14.923608817622812,14.441578288161757,13.969020146802073,13.675808470889935,13.633163026884205,13.775720426744229,13.946498465219149,14.152414722457538,14.45840032567085,14.87306299763919,15.356665838590265,15.866799214875703,16.419067039909958,16.87106898917556,17.14973793261051,17.313676938429477,16.14291457407773,17.193562702082104,17.95941052869708,18.4676174510792,18.74534286638498,18.819746171770994,18.71798676439375,18.467224041409793,18.094617399975657,17.627326237247882,17.078321048215034,16.46057232786566,15.872183984196187,15.3686932186991,14.934692722027012,14.49491448129118,14.059223896610746,13.741250350329294,13.588552331510193,13.562218344029787,13.565559247124193,13.605649882253996,13.724939012047638,13.930894441512214,14.201505708014961,14.511421512255065,14.870664476099602,15.203180477920172,15.470058114308113,15.70411660143434,33.10450027422458,35.31294163088129,36.901433088947094,37.93042496842519,38.46036758931874,38.55171127163098,38.264906335365026,37.66040310052409,36.79865188711136,35.74010301513001,34.51431348422766,33.15084029405192,31.86460036638379,30.7778306619376,29.858301539649823,28.93649276945294,28.02824404341282,27.41705882121923,27.2217153583944,27.337938770774016,27.512057712343342,27.758064604711535,28.183339337718486,28.803957439151404,29.558171546605227,30.378220727130767,31.28973151600956,32.07424946709573,32.61979604691862,33.01779353986382
SC1219PA,337.029029807341,30.545581883862717,32.63061501636359,34.11208786556867,35.049952998675344,35.50416298288096,35.53467038538297,35.20142777337868,34.56438771406551,33.68350277464083,32.618725522302014,31.399926068445986,30.05697452446965,28.800235736572734,27.749827183553553,26.875454065208086,26.0073805571466,25.15636556978217,24.62832995423367,24.551531135466593,24.80825825452496,25.115807025670918,25.486635103872327,26.037674882671162,26.78442772953803,27.655332729798545,28.574015732374807,29.56857732476299,30.38257329715797,30.884419381976215,31.179651976052035,29.071263230128572,30.963342136759294,32.34253320206327,33.2577469246499,33.757893803128546,33.891884336108674,33.70862902219962,33.25703836001078,32.58602284815157,31.744492985231346,30.75580692305856,29.64332281344154,28.583712888994754,27.676992341929626,26.895414630452528,26.10343196124137,25.318810621780194,24.74618216630524,24.47119316887561,24.423769147923576,24.42978569655416,24.501983674624505,24.71680769369893,25.08770627836281,25.575041493445603,26.133159007439012,26.780108240541836,27.37892573585812,27.859537183088083,28.28104566951094,59.61684511399129,63.593957153122886,66.45462106763193,68.30769992332525,69.26205678600951,69.42655472149164,68.9100567955783,67.8214260740763,66.2695256227924,64.36321850753336,62.15573299150455,59.70029733791119,57.383948625567484,55.42681952548318,53.77086869566061,52.110812518387974,50.47517619156237,49.37451212053891,49.022724304342205,49.23202740244854,49.54559272222508,49.98861877849683,50.754482576370094,51.87213400790084,53.23037422324415,54.70717473981382,56.34868556530483,57.761499033016094,58.743956565064295,59.46069764556297
SC1421PG,2524.37569789677,19.74112492047859,21.08864875792717,22.04610115860401,22.652228515684545,22.945777222344194,22.96549367175837,22.750124257102502,22.338415371552003,21.76911340828231,21.08096476046883,20.29327400706406,19.425345727020485,18.613135384628183,17.93427300150842,17.36917952816786,16.80815739264935,16.25815990833341,15.91689886737018,15.867265008302025,16.033183670696616,16.231947560743993,16.471607863403868,16.82773612759264,17.310350640453414,17.8732027191654,18.466932962928716,19.109702334900206,19.63577501424104,19.96011017811745,20.15091432369201,18.788296149133103,20.011116699580093,20.902465985465806,21.4939540847652,21.817191075453202,21.903787035504777,21.785352042894857,21.493496175598395,21.05982951159034,20.515962128845626,19.876990031456966,19.15800922351703,18.473200152412055,17.887201043881465,17.38207975425347,16.870233907057347,16.363145569115883,15.993064874164771,15.815343848600994,15.784694463060811,15.788582868182672,15.835243281517934,15.974080639866012,16.213786509250113,16.52874352298678,16.889446013917027,17.30755903412997,17.6945652808234,18.00517684209942,18.27759110180288,38.52942106961169,41.09976545750726,42.94856714406981,44.14618260044975,44.7629682977974,44.869280707263144,44.535476299997356,43.8319115471504,42.828942919872645,41.59692688931446,40.170264038521026,38.58335495053751,37.08633553704024,35.821474045389884,34.75125928242133,33.678391299706696,32.6213054774493,31.909963741534952,31.68260885690302,31.817878133757425,32.02053042892666,32.3068511449218,32.801816767458654,33.52413714970353,34.40194624215218,35.35637897684575,36.41726136903017,37.330340295064445,37.96528702021687,38.42850542549489
SC1320PL,334.996292146082,15.440311410933724,16.494262927934518,17.243124197378744,17.71720030100643,17.946796320557596,17.96221733777224,17.793768434390422,17.471754692152142,17.026481192797423,16.488253018066285,15.872169037926199,15.193328122344615,14.558066411924367,14.027101411950591,13.585119568845633,13.1463220772028,12.716147402250769,12.44923370828629,12.410413098299502,12.540184592723842,12.695645636320108,12.883093372917163,13.161635303175435,13.539107132828224,13.979335936915877,14.443715767371659,14.946451032960425,15.357913210594669,15.61158851697446,15.7608239453435,14.69506660042409,15.651482723101998,16.34864211155475,16.8112682530433,17.06408463482857,17.13181474417149,17.039182068333023,16.810910094574083,16.471722310155627,16.04634220233858,15.54657695066929,14.98423373469413,14.448617580246937,13.990284590017806,13.595209328123937,13.194874525189409,12.798260758125789,12.508806065940863,12.369803448879724,12.345831355440618,12.348872628712657,12.38536757388115,12.493957742297649,12.681441151881215,12.927781448745732,13.20990108486414,13.536923758375645,13.839616593766214,14.082558127987385,14.295624042701716,30.135378011357815,32.14574565103651,33.591766308933494,34.528468554049724,35.01088095538617,35.09403208194373,34.83295050272345,34.28266478672623,33.49820350295305,32.53459522040487,31.41874598859549,30.177561857038746,29.006683992171304,28.017386001968397,27.18032889696957,26.34119660239221,25.514408160376558,24.958039774227153,24.780216547179226,24.88601594816446,25.044518265032764,25.268460946798314,25.655593045473083,26.220548284709437,26.907117385661607,27.6536168522358,28.483374791336068,29.197529804360883,29.694146644961847,30.056447988045214
SC1225RC,154.69222969081102,17.86268351821895,19.081985412597636,19.948332626819607,20.49678468966485,20.762401129913343,20.780241476345086,20.585365257740044,20.21283200287821,19.69770124053957,19.075032499504108,18.362293457269683,17.57695179133416,16.842026286888125,16.227760175275808,15.716437431430812,15.208798624134067,14.711135429859164,14.40234663891793,14.357435633420947,14.50756653394699,14.687417314481731,14.90427306284904,15.226514404916758,15.663206345224374,16.172500939941393,16.709735529518124,17.291342992448804,17.767357887411116,18.06083134331703,18.233479755592338,17.00051973484755,18.106984380811458,18.91351848044992,19.44872429600358,19.741204089713104,19.819560123819116,19.712394660562282,19.448309962183234,19.055908290922645,18.563791909021134,17.985620378255845,17.33505326040387,16.71540632002354,16.18516722028256,15.728110122030984,15.264968330907829,14.806131355333333,14.471265226650246,14.31045501427651,14.282722018527988,14.286240415906914,14.328460905838021,14.454087361860278,14.670984316635135,14.955971991062153,15.282352289485928,15.660680290365212,16.01086144914626,16.29191717042922,16.538410211324678,34.8632032530665,37.18896979340909,38.86185110726953,39.945508985668425,40.50360521962645,40.5998016001642,40.297759918302326,39.66114196506145,38.75360953146222,37.63882440852524,36.34791383552553,34.912005051738035,33.55743260691166,32.41292739555837,31.444547553461796,30.473766955041896,29.517266785192497,28.873611865568176,28.667890647697455,28.790288552474976,28.973657730388645,29.23273396868706,29.680601766777038,30.33419066185951,31.128472931003547,31.992087819004052,32.95202328281402,33.77821933655738,34.35274851374625,34.771889966917016
SC1122SL,138.079797110227,22.773625628948054,24.328147205948717,25.4326771425008,26.131913797497706,26.47055552983281,26.493300698399548,26.24484766209128,25.769894779801405,25.113140410423327,24.319282912850426,23.410592306995454,22.409338612771098,21.472361883974145,20.689217157459307,20.037317775178,19.390115141296405,18.75563069386482,18.36194739599227,18.30468910927771,18.4960950911045,18.725391766881938,19.00186708707809,19.41270141882897,19.969452000093476,20.61876572160724,21.303700905704545,22.045208291387606,22.652092778062887,23.026250115490036,23.24636425309191,21.67442979301228,23.085091948002624,24.113364409953334,24.795712988883196,25.168603494810966,25.26850173775545,25.131873527735394,24.795184674769583,24.294900988876794,23.667488280075798,22.930361499738744,22.100935599237776,21.31093068182481,20.63491427481185,20.052199612277814,19.46172740941052,18.876743533277512,18.44981350865362,18.24479217281339,18.209434648275355,18.213920381355273,18.267748476076125,18.427913120555885,18.704441017913823,19.06777963452339,19.483890845775605,19.96623161115646,20.412687183761605,20.771012822532676,21.085273541736647,44.44805542196033,47.41323915395134,49.546041552454135,50.9276267863809,51.639159024643774,51.761802436154994,51.376721189826675,50.56507945457099,49.40804139930012,47.98677119292623,46.3409538067342,44.51027421200887,42.78329256579896,41.32413143227116,40.089517387455814,38.85184255070693,37.632374227142336,36.811760904645894,36.5494812820911,36.705529739379855,36.93931214823721,37.26961556315422,37.84061453938486,38.6738930180073,39.68654535613063,40.78759175148015,42.01143990254407,43.06477996182449,43.79726293802271,44.33163779482856
SC1323TA,1422.64861428318,20.149206472372914,21.524585808508068,22.501830298312015,23.120487285755615,23.420104114809703,23.44022812944509,23.220406673632638,22.800187091343172,22.219116726547544,21.516742923216565,20.712769317659763,19.826899546186638,18.997899491074683,18.305003911617394,17.728229028801625,17.155609646245843,16.594242813536532,16.245927346566333,16.195267470413455,16.36461593823433,16.5674885981679,16.81210306465924,17.17559308333993,17.668184039863945,18.242671210563188,18.848674847269066,19.504731332999484,20.041678804215806,20.372718498793244,20.567466860070812,19.176681082220526,20.424779357310452,21.334554308194665,21.938269445571997,22.268188280141267,22.35657432260131,22.235691083650938,21.93780207398897,21.49517080431423,20.94006078532556,20.287880079722367,19.5540367502041,18.855071547466533,18.25695887820722,17.741395909126858,17.218969374069577,16.701398694875838,16.323667826536298,16.142273009467125,16.110990039792675,16.114958814692493,16.16258376449644,16.304291113752118,16.548952101039877,16.870419803091874,17.238578615468732,17.6653347279489,18.060341034686562,18.3773734452784,18.655418949007988,39.325887554593436,41.94936516581852,43.836384606506684,45.05875673132761,45.68829239495097,45.7968024520464,45.45609775728357,44.73798916533214,43.714287530861775,42.456803708542125,41.00064939738213,39.38093629639074,37.85297103854121,36.56196278982462,35.46962493792849,34.37457902031542,33.29564150841237,32.56959517310263,32.33754047988058,32.475605978027005,32.68244741286039,32.97468682915568,33.47988419709205,34.21713614090382,35.113091013655065,36.0872534627378,37.170066060948386,38.102019838902365,38.75009194407164,39.222885809078804
SC2607BS,2578.96875430918,41.12817291832891,43.935570850417136,45.93030356931688,47.19309435522551,47.80466648834036,47.84574324885893,47.39704791697847,46.53930377289642,45.35323409681014,43.919562168917025,42.27850667284727,40.47028629223114,38.77814729010175,37.36382213979074,36.186520331794085,35.017700648784675,33.871849452838305,33.160874614760274,33.057468654423936,33.40313950109482,33.81723928532303,34.316541646388174,35.05849048967363,36.063957669389275,37.23658981799188,38.47355277411048,39.812682642477796,40.908689492482004,41.5844013668329,41.981918004360814,39.143072870794114,41.690667089171775,43.54768223743885,44.779973973981974,45.453397957187825,45.633809845442975,45.387065297134136,44.77901997064792,43.87552952437099,42.74244961668997,41.4112308887512,39.913323981700934,38.486609640127554,37.265753556898346,36.213396338678976,35.14702934108678,34.09057402318119,33.319557039985035,32.94929743129908,32.885443240287906,32.893544232970534,32.990755371329286,33.28000569233012,33.77940299611996,34.435576687026106,35.187055374619405,36.05814174345435,36.864421021673074,37.51154148645993,38.07908262867623,80.27124578912301,85.62623793958892,89.47798580675573,91.97306832920748,93.25806444552819,93.4795530943019,92.78411321411261,91.31832374354434,89.22876362118113,86.66201178560699,83.68973756159846,80.38361027393208,77.26475693022931,74.62957569668909,72.39991667047306,70.16472998987146,67.9624234760195,66.4804316547453,66.00676608572302,66.28858274138273,66.71078351829357,67.30729701771746,68.33849618200375,69.84336066550924,71.67216650501798,73.66060814872989,75.87082438593214,77.77311051415508,79.09594285329283,80.06100063303705
SC2614GP,1542.66350951367,26.903717769224016,28.740158250735973,30.044999248011,30.871045351861053,31.271101153098076,31.297971242534043,31.004460210980895,30.443372649250595,29.6675131481551,28.729686298506362,27.656200882262,26.473365681379644,25.3664643309429,24.441293039472388,23.671168971217053,22.906593428275034,22.157042565870356,21.691963152754393,21.624320842060506,21.850439108982705,22.121319704426817,22.447934992825946,22.933275843760306,23.59099543864868,24.358064871287258,25.167215869952646,26.04319866806854,26.76014417673489,27.202156550688976,27.46218937993794,25.605177870159753,27.27166953023162,28.486423527885297,29.292518899917646,29.73303468312549,29.85104991430566,29.689643630255002,29.29189486777036,28.700882663648557,27.959686054686436,27.088878266745795,26.10903252568841,25.175756922986366,24.377142117306605,23.688749712640828,22.991192904170635,22.300119752688,21.79576417501424,21.553561349020935,21.511791572555186,21.51709079534339,21.58068082314135,21.76989198234082,22.096569363010655,22.525800954689775,23.017375671011884,23.587190946246576,24.114613108187058,24.537922617758735,24.909175857950746,52.508895639383766,56.01182778096759,58.531422775896296,60.163564251778695,61.00413583622357,61.1490211568397,60.6941038412359,59.73526751702096,58.36839581180365,56.689372353192795,54.74507914900779,52.58239820706805,50.54222125392927,48.81843515677899,47.359918683857885,45.89778633244567,44.45716231855836,43.48772732776864,43.17788219108144,43.362230681537895,43.6384104997702,44.0286158159673,44.70316782610112,45.687564801659335,46.88386582597703,48.18459154096453,49.63038961431512,50.87475728492195,51.74007916844771,52.37136523788868
SC4726OI,23779.0886782571,6.444634060479709,6.884543035488531,7.197110348143403,7.394985040751198,7.490816155618781,7.4972527350530225,7.426943821360798,7.2925384568489715,7.1066856838244155,6.882034544593998,6.62488715975445,6.341545649902499,6.07639366589572,5.85477409346126,5.670295209775571,5.487145444051562,5.30759475576299,5.196187601382299,5.179984267172441,5.234149625230811,5.299037546934768,5.377276400660376,5.493537068107729,5.651090091481784,5.834837251884137,6.02866481444854,6.2385015576327625,6.410241815729594,6.516123392893647,6.5784127967503565,6.1335761564062405,6.532774841113374,6.823762314621824,7.016857917412294,7.122380989965487,7.150650872762094,7.111986906282826,7.016708431008377,6.8751347874194515,6.697585315996752,6.488988217038332,6.254271690842254,6.030710778802428,5.839407101764834,5.674506579662252,5.507410776419818,5.341868097058513,5.221052559357619,5.163034234534618,5.153028516508431,5.154297912184689,5.169530541227323,5.214855007105052,5.29310873592448,5.395928750621558,5.513682709275448,5.650178753770101,5.776519763715824,5.877921169225615,5.966852785640513,12.57821021688595,13.417317876601906,14.020872662765228,14.411842958163492,14.613197145584268,14.647903607815117,14.538930727643624,14.309246887857348,13.981820471243868,13.57961986059075,13.113875376792782,12.595817340744752,12.107104444698148,11.694181195226093,11.344801789437824,10.994556220471381,10.649462852821504,10.417240160739919,10.343018501707059,10.387178141739241,10.453335459119458,10.546806941887699,10.708392075212782,10.944198827406264,11.230766002505696,11.542347523723988,11.888680311402863,12.186761579445418,12.394044562119262,12.545265582390869
SC1116ER,138.208016552497,26.835189877795987,28.6669527120589,29.96847011280053,30.79241217136381,31.19144897909167,31.218250627327013,30.925487207412793,30.365828810691923,29.591945528507328,28.656507452201947,27.585756348753076,26.405933985138038,25.30185207452783,24.3790373569966,23.61087495079045,22.84824693369867,22.10060532970427,21.636710566949816,21.56924054713247,21.79478283514977,22.064973439455056,22.39075677266125,22.87486137356764,23.530905650520374,24.29602124004368,25.103111204433457,25.976862732172005,26.691982078552236,27.13286861109733,27.39223914165497,25.53995766589628,27.202204545438207,28.41386440044636,29.21790653949974,29.657300271177302,29.77501490405801,29.61401974672083,29.217284107744746,28.62777729570871,27.8884686191917,27.019878901004848,26.042528963959274,25.111630545473155,24.315049925661107,23.628410955798614,22.932630924653953,22.24331803560247,21.74024712324131,21.498661220788872,21.45699783544539,21.4622835572243,21.52571160736092,21.7144408165456,22.04028610553753,22.46842438721666,22.958746996307443,23.527110876989415,24.05318961400989,24.475420870256436,24.845728441476815,52.375147543692265,55.86915725749711,58.38233451324689,60.01031871086355,60.84874925026897,60.99326553138502,60.53950695413363,59.58311291843667,58.219722824216035,56.54497607139365,54.605635249757924,52.44846294909731,50.413482620000984,48.694087282657705,47.23928590658906,45.780877858352625,44.343923365306736,43.37695769019113,43.06790176792134,43.25178067059516,43.527256996679355,43.91646838002217,44.589302190113244,45.5711917560579,46.76444562726034,48.0618582007409,49.50397360916142,50.745171692562124,51.608289481353765,52.237967583131784
SC1127PI,94.0962936010817,5.860759581017475,6.260813430488099,6.545062589704986,6.725010115921498,6.812159066390994,6.818012498366839,6.754073469102392,6.631845035851011,6.462830255866059,6.258532186400899,6.024681984758386,5.767010808241373,5.525881213855748,5.324340058755879,5.156574700343612,4.99001804366112,4.8267343934536,4.725420569515229,4.710685234165194,4.7599432871818586,4.818952455091479,4.890102979469301,4.995830596256259,5.139109541702272,5.306209473419191,5.482476537370684,5.673302373886111,5.829483210086825,5.925772063970565,5.98241813120842,5.577883118891731,5.940914972126494,6.205539395749577,6.381140812575823,6.477103645420077,6.502812317097191,6.467651250422006,6.3810048682093665,6.252257593274122,6.090793848431117,5.901095346689232,5.687643801057346,5.484337183380137,5.310365336084374,5.160404552567016,5.0084473779678405,4.857902616262441,4.74803278446198,4.695270833253861,4.686171619129178,4.687326009130472,4.701178583335866,4.742396719408023,4.813560777378075,4.907065452623361,5.0141510786056545,5.13828078637124,5.253175485706342,5.3453900640964624,5.426264593410498,11.438642699909206,12.201728402614593,12.750601985454562,13.106150928497321,13.289262711811071,13.320824815464029,13.221724719524397,13.012849904060378,12.71508784914018,12.349326034832016,11.925777331447618,11.45465460929872,11.010218397235885,10.634705394840253,10.316979252910627,9.99846542162896,9.684637009716042,9.47345335397721,9.405956067419055,9.446114906311037,9.50627846422195,9.591281562805168,9.738227315664282,9.952670319080347,10.213274926042551,10.496627615976339,10.811583160257351,11.082658695793167,11.271162128067028,11.408682724618918
